,Country,Total Cases,New Cases,Total Deaths,New Deaths,Total Recovered,New Recovered,Active Cases,"Serious, Critical",Total Cases/1M pop,Deaths/1M pop,Total Tests,Tests/1M pop,Population,Continent,1 Case every X ppl,1 Death every X ppl,1 Test every X ppl,New Cases/1M pop,New Deaths/1M pop,Active Cases/1M pop,Date
0,USA,"83,170,407",,"1,021,089 ",,"80,757,424",,"1,391,894","1,550","248,601","3,052","1,006,269,592","3,007,793","334,554,103 ",North America,4,328,0,,,"4,160",2022-05-03
1,India,"43,085,166",,"523,889 ",,"42,541,887",,"19,390",698,"30,669",373,"838,628,250","596,961","1,404,828,550 ",Asia,33,"2,682",2,,,14,2022-05-03
2,Brazil,"30,460,997",,"663,657 ",,"29,554,308",,"243,032","8,318","141,466","3,082","63,776,166","296,187","215,324,039 ",South America,7,324,3,,,"1,129",2022-05-03
3,France,"28,690,748",,"146,142 ",,"27,163,913","+146,246","1,380,693","1,511","437,774","2,230","269,816,888","4,116,967","65,537,780 ",Europe,2,448,0,,,"21,067",2022-05-03
4,Germany,"24,791,190",,"135,947 ",,"22,658,600","+189,400","1,996,643","1,446","294,173","1,613","122,332,384","1,451,601","84,274,119 ",Europe,3,620,1,,,"23,692",2022-05-03
5,UK,"22,038,340",,"174,912 ",,"21,313,159","+49,031","550,269",302,"321,547","2,552","517,337,635","7,548,132","68,538,498 ",Europe,3,392,0,,,"8,029",2022-05-03
6,Russia,"18,201,074","+5,466","376,292 ",+125,"17,563,272","+7,052","261,510","2,300","124,623","2,576","273,400,000","1,871,975","146,048,952 ",Europe,8,388,1,37,0.9,"1,791",2022-05-03
7,S. Korea,"17,346,753","+51,020","23,007 ",+49,N/A,N/A,N/A,417,"337,815",448,"15,804,065","307,772","51,349,914 ",Asia,3,"2,232",3,994,1.0,"318,486",2022-05-03
8,Italy,"16,523,859",,"163,736 ",,"15,155,021",,"1,205,102",368,"274,031","2,715","214,183,728","3,552,018","60,299,169 ",Europe,4,368,0,,,"19,985",2022-05-03
9,Turkey,"15,034,917",,"98,791 ",,"14,931,490",,"4,636",975,"174,826","1,149","159,230,999","1,851,534","85,999,512 ",Asia,6,871,1,,,54,2022-05-03
10,Spain,"11,896,152",,"104,456 ",,"11,389,694",,"402,002",339,"254,257","2,233","471,036,328","10,067,479","46,787,912 ",Europe,4,448,0,,,"8,592",2022-05-03
11,Vietnam,"10,656,649",,"43,044 ",,"9,265,456",,"1,348,149",475,"107,707",435,"85,800,783","867,191","98,941,036 ",Asia,9,"2,299",1,,,"13,626",2022-05-03
12,Argentina,"9,083,673",,"128,653 ",,"8,895,999",,"59,021",372,"197,666","2,800","35,716,069","777,204","45,954,590 ",South America,5,357,1,,,"1,284",2022-05-03
13,Netherlands,"8,051,301",,"22,256 ",,"7,875,672",,"153,373",70,"467,984","1,294","21,107,399","1,226,872","17,204,241 ",Europe,2,773,1,,,"8,915",2022-05-03
14,Japan,"7,925,130","+23,197","29,631 ",+30,"7,517,841","+38,420","377,658",160,"63,014",236,"48,945,912","389,176","125,768,126 ",Asia,16,"4,244",3,184,0.2,"3,003",2022-05-03
15,Iran,"7,223,005",,"141,114 ",,"6,989,358",,"92,533","1,038","84,028","1,642","50,914,586","592,307","85,959,848 ",Asia,12,609,2,,,"1,076",2022-05-03
16,Colombia,"6,092,667",,"139,797 ",,"5,926,476",,"26,394",342,"117,449","2,695","34,465,052","664,384","51,875,179 ",South America,9,371,2,,,509,2022-05-03
17,Indonesia,"6,047,208",,"156,287 ",,"5,883,664",,"7,257","2,771","21,689",561,"95,693,154","343,213","278,815,543 ",Asia,46,"1,784",3,,,26,2022-05-03
18,Australia,"6,029,879","+37,731","7,310 ",+40,"5,658,513",,"364,056",143,"231,551",281,"69,540,042","2,670,385","26,041,202 ",Australia/Oceania,4,"3,562",0,"1,449",2,"13,980",2022-05-03
19,Poland,"5,997,825",+890,"116,069 ",+14,"5,334,769",+33,"546,987","1,321","158,795","3,073","36,116,043","956,190","37,770,774 ",Europe,6,325,1,24,0.4,"14,482",2022-05-03
20,Mexico,"5,740,080",,"324,350 ",,"5,039,624",,"376,106","4,798","43,680","2,468","15,801,675","120,246","131,411,221 ",North America,23,405,8,,,"2,862",2022-05-03
21,Ukraine,"5,002,870",,"108,411 ",,N/A,N/A,N/A,177,"115,665","2,506","19,521,252","451,326","43,253,122 ",Europe,9,399,2,,,"19,338",2022-05-03
22,Malaysia,"4,450,859",,"35,555 ",,"4,378,864",,"36,440",66,"134,367","1,073","58,808,233","1,775,360","33,124,688 ",Asia,7,932,1,,,"1,100",2022-05-03
23,Thailand,"4,281,536","+9,721","28,781 ",+77,"4,134,191","+20,145","118,564","1,496","61,060",410,"17,270,775","246,302","70,120,440 ",Asia,16,"2,436",4,139,1,"1,691",2022-05-03
24,Austria,"4,154,244","+5,240","18,183 ",+13,"4,063,754","+8,028","72,307",80,"456,489","1,998","183,321,889","20,144,324","9,100,424 ",Europe,2,500,0,576,1,"7,945",2022-05-03
25,Israel,"4,080,487",,"10,698 ",,"4,048,807",,"20,982",220,"437,539","1,147","41,373,364","4,436,346","9,326,000 ",Asia,2,872,0,,,"2,250",2022-05-03
26,Belgium,"4,071,279",,"31,494 ",,"3,839,733","+20,124","200,052",131,"348,511","2,696","33,643,042","2,879,926","11,681,911 ",Europe,3,371,0,,,"17,125",2022-05-03
27,Czechia,"3,907,793","+1,680","40,175 ",+2,"3,855,944","+1,966","11,674",30,"363,674","3,739","55,226,142","5,139,548","10,745,331 ",Europe,3,267,0,156,0.2,"1,086",2022-05-03
28,Portugal,"3,853,800",,"22,280 ",,N/A,N/A,N/A,61,"379,972","2,197","41,336,850","4,075,681","10,142,317 ",Europe,3,455,0,,,"94,194",2022-05-03
29,South Africa,"3,798,413",,"100,370 ",,"3,651,665",,"46,378",192,"62,601","1,654","24,505,584","403,871","60,676,777 ",Africa,16,605,2,,,764,2022-05-03
30,Canada,"3,756,272",,"39,292 ",,"3,459,763",,"257,217",468,"97,953","1,025","60,943,345","1,589,234","38,347,627 ",North America,10,976,1,,,"6,708",2022-05-03
31,Philippines,"3,686,082",,"60,410 ",,"3,620,369",,"5,303",289,"32,838",538,"29,599,478","263,694","112,249,444 ",Asia,30,"1,858",4,,,47,2022-05-03
32,Switzerland,"3,602,489",,"13,859 ",,"3,485,200","+8,164","103,430",87,"410,754","1,580","20,767,523","2,367,903","8,770,428 ",Europe,2,633,0,,,"11,793",2022-05-03
33,Peru,"3,566,523",,"212,865 ",,N/A,N/A,N/A,293,"105,481","6,296","29,886,697","883,904","33,812,147 ",South America,9,159,1,,,"48,296",2022-05-03
34,Chile,"3,562,521",,"57,541 ",,"3,424,634",,"80,346",209,"183,480","2,964","37,084,042","1,909,930","19,416,438 ",South America,5,337,1,,,"4,138",2022-05-03
35,Greece,"3,331,288",,"29,205 ",,"3,230,438",,"71,645",235,"322,489","2,827","79,941,425","7,738,826","10,329,916 ",Europe,3,354,0,,,"6,936",2022-05-03
36,Denmark,"2,967,388",,"6,183 ",,"2,944,366",,"16,839",8,"509,028","1,061","127,233,608","21,825,732","5,829,523 ",Europe,2,943,0,,,"2,889",2022-05-03
37,Romania,"2,894,896",,"65,496 ",,"2,606,660",,"222,740",191,"152,339","3,447","22,725,764","1,195,908","19,002,936 ",Europe,7,290,1,,,"11,721",2022-05-03
38,Sweden,"2,500,917",,"18,739 ",,"2,470,701",,"11,477",21,"244,840","1,835","18,513,445","1,812,469","10,214,488 ",Europe,4,545,1,,,"1,124",2022-05-03
39,Iraq,"2,325,247",,"25,211 ",,"2,298,174",,"1,862",15,"55,531",602,"18,482,865","441,400","41,873,314 ",Asia,18,"1,661",2,,,44,2022-05-03
40,Serbia,"2,007,091",,"16,002 ",,"1,977,662",,"13,427",21,"231,419","1,845","9,497,175","1,095,029","8,672,986 ",Europe,4,542,1,,,"1,548",2022-05-03
41,Bangladesh,"1,952,726",,"29,127 ",,"1,896,001",,"27,598","1,297","11,645",174,"13,995,586","83,460","167,691,408 ",Asia,86,"5,757",12,,,165,2022-05-03
42,Hungary,"1,903,200",,"46,266 ",,"1,808,061",,"48,873",40,"197,931","4,812","11,355,462","1,180,957","9,615,474 ",Europe,5,208,1,,,"5,083",2022-05-03
43,Slovakia,"1,782,607",+765,"19,938 ",+7,"1,746,031",+690,"16,638",70,"326,217","3,649","7,099,765","1,299,257","5,464,480 ",Europe,3,274,1,140,1,"3,045",2022-05-03
44,Jordan,"1,694,216",,"14,048 ",,"1,678,941",,"1,227",124,"163,086","1,352","16,670,254","1,604,689","10,388,461 ",Asia,6,739,1,,,118,2022-05-03
45,Georgia,"1,655,221",,"16,811 ",,"1,637,293",,"1,117",,"416,391","4,229","16,920,079","4,256,454","3,975,158 ",Asia,2,236,0,,,281,2022-05-03
46,Pakistan,"1,528,564",+46,"30,372 ",,"1,494,141",,"4,051",110,"6,683",133,"28,202,655","123,297","228,737,931 ",Asia,150,"7,531",8,0.2,,18,2022-05-03
47,Ireland,"1,517,112",,"7,087 ",,"1,461,810",,"48,215",41,"301,092","1,407","12,063,637","2,394,195","5,038,702 ",Europe,3,711,0,,,"9,569",2022-05-03
48,Norway,"1,426,491",,"2,932 ",,N/A,N/A,N/A,20,"259,418",533,"11,002,430","2,000,877","5,498,803 ",Europe,4,"1,875",0,,,"242,709",2022-05-03
49,Kazakhstan,"1,305,551",+3,"13,660 ",,"1,291,101",+12,790,24,"68,041",712,"11,575,012","603,254","19,187,625 ",Asia,15,"1,405",2,0.2,,41,2022-05-03
50,Hong Kong,"1,204,793",,"9,318 ",,N/A,N/A,N/A,5,"158,353","1,225","44,972,952","5,911,063","7,608,268 ",Asia,6,817,0,,,"155,389",2022-05-03
51,Singapore,"1,200,976",,"1,338 ",,"1,140,531",,"59,107",6,"202,371",225,"23,767,171","4,004,897","5,934,528 ",Asia,5,"4,435",0,,,"9,960",2022-05-03
52,Morocco,"1,164,984",,"16,069 ",,"1,148,556",,359,293,"30,892",426,"11,237,010","297,977","37,710,997 ",Africa,32,"2,347",3,,,10,2022-05-03
53,Bulgaria,"1,157,199",,"36,920 ",,"978,533",,"141,746",77,"168,866","5,388","9,855,728","1,438,212","6,852,765 ",Europe,6,186,1,,,"20,684",2022-05-03
54,Croatia,"1,123,029",,"15,843 ",,"1,102,510",,"4,676",15,"276,679","3,903","4,790,822","1,180,309","4,058,956 ",Europe,4,256,1,,,"1,152",2022-05-03
55,Cuba,"1,103,286",,"8,527 ",,"1,093,878",,881,23,"97,515",754,"12,920,253","1,141,974","11,313,967 ",North America,10,"1,327",1,,,78,2022-05-03
56,Lebanon,"1,097,044",,"10,387 ",,"1,081,770",,"4,887",186,"162,056","1,534","4,795,578","708,406","6,769,529 ",Asia,6,652,1,,,722,2022-05-03
57,Lithuania,"1,058,779",+234,"9,108 ",+2,"1,026,020","+1,219","23,651",30,"399,114","3,433","8,255,055","3,111,799","2,652,824 ",Europe,3,291,0,88,0.8,"8,915",2022-05-03
58,Tunisia,"1,040,193",,"28,550 ",,N/A,N/A,N/A,29,"86,360","2,370","4,572,976","379,661","12,044,884 ",Africa,12,422,3,,,"-1,198.19",2022-05-03
59,Finland,"1,023,013",,"3,939 ",,"46,000",,"973,074",24,"184,112",709,"10,720,282","1,929,334","5,556,468 ",Europe,5,"1,411",1,,,"175,125",2022-05-03
60,Slovenia,"1,010,785",,"6,595 ",,"991,301",,"12,889",22,"486,080","3,171","2,646,952","1,272,903","2,079,461 ",Europe,2,315,1,,,"6,198",2022-05-03
61,Belarus,"980,828",,"6,951 ",,"928,536",,"45,341",,"103,861",736,"13,171,246","1,394,722","9,443,636 ",Europe,10,"1,359",1,,,"4,801",2022-05-03
62,Nepal,"978,836",,"11,951 ",,"966,674",,211,,"32,524",397,"5,642,144","187,475","30,095,444 ",Asia,31,"2,518",5,,,7,2022-05-03
63,New Zealand,"952,697","+9,269",731 ,+18,"895,772","+6,452","56,194",,"190,459",146,"7,083,851","1,416,175","5,002,100 ",Australia/Oceania,5,"6,843",1,"1,853",4,"11,234",2022-05-03
64,Bolivia,"905,074",,"21,923 ",,"859,142",,"24,009",220,"75,648","1,832","2,699,040","225,591","11,964,333 ",South America,13,546,4,,,"2,007",2022-05-03
65,UAE,"899,033",,"2,302 ",,"882,591",,"14,140",,"88,934",228,"156,338,294","15,465,208","10,109,033 ",Asia,11,"4,391",0,,,"1,399",2022-05-03
66,Uruguay,"895,775",,"7,197 ",,"886,654",,"1,924",18,"256,246","2,059","6,091,188","1,742,452","3,495,757 ",South America,4,486,1,,,550,2022-05-03
67,Ecuador,"869,696",,"35,598 ",,N/A,N/A,N/A,759,"47,962","1,963","2,470,170","136,224","18,133,173 ",South America,21,509,7,,,"21,520",2022-05-03
68,Costa Rica,"852,074",,"8,405 ",,"832,853",,"10,816",45,"164,518","1,623","4,291,131","828,527","5,179,229 ",North America,6,616,1,,,"2,088",2022-05-03
69,Guatemala,"846,632",,"17,613 ",,"826,812",,"2,207",5,"45,710",951,"4,466,318","241,139","18,521,789 ",North America,22,"1,052",4,,,119,2022-05-03
70,Latvia,"823,110",+384,"5,777 ",+7,"809,733",,"7,600",8,"445,392","3,126","7,186,387","3,888,618","1,848,057 ",Europe,2,320,0,208,4,"4,112",2022-05-03
71,Azerbaijan,"792,579",,"9,709 ",,"782,786",,84,,"76,902",942,"6,819,005","661,629","10,306,390 ",Asia,13,"1,062",2,,,8,2022-05-03
72,Panama,"777,658",,"8,185 ",,"763,170",,"6,303",8,"175,187","1,844","5,883,163","1,325,328","4,439,024 ",North America,6,542,1,,,"1,420",2022-05-03
73,Saudi Arabia,"754,238",,"9,093 ",,"741,906",,"3,239",49,"21,065",254,"41,912,766","1,170,560","35,805,734 ",Asia,47,"3,938",1,,,90,2022-05-03
74,Sri Lanka,"663,408",,"16,505 ",,"646,129",,774,,"30,745",765,"6,486,117","300,596","21,577,526 ",Asia,33,"1,307",3,,,36,2022-05-03
75,Paraguay,"649,455",,"18,870 ",,"624,673",,"5,912",2,"89,054","2,587","2,623,300","359,709","7,292,833 ",South America,11,386,3,,,811,2022-05-03
76,Kuwait,"631,409",,"2,555 ",,"628,090",,764,8,"143,956",583,"8,007,805","1,825,717","4,386,115 ",Asia,7,"1,717",1,,,174,2022-05-03
77,Myanmar,"612,914",,"19,434 ",,"591,847",,"1,633",,"11,128",353,"7,970,408","144,713","55,077,194 ",Asia,90,"2,834",7,,,30,2022-05-03
78,Palestine,"581,940",,"5,353 ",,"576,242",,345,17,"109,422","1,007","3,078,533","578,856","5,318,304 ",Asia,9,994,2,,,65,2022-05-03
79,Dominican Republic,"579,443",,"4,376 ",,"574,726",,341,1,"52,453",396,"3,279,736","296,891","11,046,946 ",North America,19,"2,524",3,,,31,2022-05-03
80,Estonia,"572,193",,"2,539 ",,"511,039",,"58,615",3,"430,814","1,912","3,326,696","2,504,727","1,328,167 ",Europe,2,523,0,,,"44,132",2022-05-03
81,Bahrain,"569,370",,"1,476 ",,"564,735",,"3,159",1,"314,620",816,"9,727,349","5,375,093","1,809,708 ",Asia,3,"1,226",0,,,"1,746",2022-05-03
82,Venezuela,"522,514",,"5,709 ",,"515,728",,"1,077",230,"18,471",202,"3,359,014","118,741","28,288,539 ",South America,54,"4,955",8,,,38,2022-05-03
83,Moldova,"516,986",,"11,489 ",,"504,142",,"1,355",49,"128,706","2,860","3,216,305","800,711","4,016,810 ",Europe,8,350,1,,,337,2022-05-03
84,Egypt,"515,645",,"24,613 ",,"442,182",,"48,850",122,"4,871",232,"3,693,367","34,888","105,865,008 ",Africa,205,"4,301",29,,,461,2022-05-03
85,Libya,"501,904",,"6,430 ",,"490,973",,"4,501",101,"71,271",913,"2,477,219","351,766","7,042,237 ",Africa,14,"1,095",3,,,639,2022-05-03
86,Cyprus,"474,267",,"1,020 ",,"124,370",,"348,877",60,"387,650",834,"9,477,138","7,746,304","1,223,440 ",Asia,3,"1,199",0,,,"285,161",2022-05-03
87,Ethiopia,"470,587",,"7,510 ",,"455,391",,"7,686",11,"3,916",62,"47,913,653","398,711","120,171,463 ",Africa,255,"16,002",3,,,64,2022-05-03
88,Mongolia,"469,885",,"2,179 ",,"313,256",,"154,450",192,"139,231",646,"4,030,048","1,194,135","3,374,868 ",Asia,7,"1,549",1,,,"45,765",2022-05-03
89,Honduras,"423,179",,"10,893 ",,"132,318",,"279,968",105,"41,517","1,069","1,263,329","123,943","10,192,790 ",North America,24,936,8,,,"27,467",2022-05-03
90,Armenia,"422,874",,"8,622 ",,"412,019",+16,"2,233",,"142,220","2,900","3,057,702","1,028,360","2,973,377 ",Asia,7,345,1,,,751,2022-05-03
91,Oman,"389,126",,"4,258 ",,"384,243",,625,4,"72,814",797,"25,000,000","4,678,022","5,344,139 ",Asia,14,"1,255",0,,,117,2022-05-03
92,Bosnia and Herzegovina,"377,087",,"15,765 ",,"192,218",,"169,104",,"116,260","4,861","1,758,191","542,068","3,243,488 ",Europe,9,206,2,,,"52,136",2022-05-03
93,Réunion,"374,295",,742 ,,"355,605",,"17,948",10,"412,672",818,"1,603,660","1,768,087","907,003 ",Africa,2,"1,222",1,,,"19,788",2022-05-03
94,Qatar,"364,728",,677 ,,"363,516",,535,3,"129,898",241,"3,447,199","1,227,720","2,807,805 ",Asia,8,"4,147",1,,,191,2022-05-03
95,Kenya,"323,792",,"5,649 ",,"318,002",,141,,"5,788",101,"3,602,311","64,399","55,937,629 ",Africa,173,"9,902",16,,,3,2022-05-03
96,Zambia,"319,755",,"3,976 ",,"315,266",,513,1,"16,546",206,"3,429,405","177,456","19,325,435 ",Africa,60,"4,861",6,,,27,2022-05-03
97,North Macedonia,"309,769",,"9,280 ",,"299,865",,624,,"148,697","4,455","2,022,649","970,925","2,083,218 ",Europe,7,224,1,,,300,2022-05-03
98,Botswana,"305,859",,"2,688 ",,"303,026",,145,1,"125,430","1,102","2,026,898","831,215","2,438,477 ",Africa,8,907,1,,,59,2022-05-03
99,Albania,"275,177",,"3,496 ",,"271,306",,375,2,"95,812","1,217","1,807,808","629,449","2,872,048 ",Europe,10,822,2,,,131,2022-05-03
100,Algeria,"265,782",,"6,875 ",,"178,358",,"80,549",6,"5,867",152,"230,861","5,096","45,299,522 ",Africa,170,"6,589",196,,,"1,778",2022-05-03
101,Nigeria,"255,753",,"3,143 ",,"249,911",,"2,699",11,"1,187",15,"5,075,820","23,556","215,483,403 ",Africa,843,"68,560",42,,,13,2022-05-03
102,Zimbabwe,"247,935",,"5,470 ",,"241,850",,615,12,"16,249",358,"2,259,285","148,065","15,258,752 ",Africa,62,"2,790",7,,,40,2022-05-03
103,Uzbekistan,"238,628",+1,"1,637 ",,"236,746",+10,245,23,"6,946",48,"1,377,915","40,106","34,356,605 ",Asia,144,"20,988",25,0.03,,7,2022-05-03
104,Luxembourg,"237,856",,"1,064 ",,"227,197",,"9,595",3,"368,993","1,651","4,227,288","6,557,920","644,608 ",Europe,3,606,0,,,"14,885",2022-05-03
105,Montenegro,"235,338",,"2,715 ",,"231,918",,705,6,"374,616","4,322","2,454,364","3,906,910","628,211 ",Europe,3,231,0,,,"1,122",2022-05-03
106,Mozambique,"225,387",,"2,201 ",,"223,138",,48,13,"6,860",67,"1,313,728","39,984","32,856,704 ",Africa,146,"14,928",25,,,1,2022-05-03
107,Laos,"207,867",+153,745 ,+1,"7,660",,"199,462",,"27,832",100,"1,232,128","164,972","7,468,707 ",Asia,36,"10,025",6,20,0.1,"26,706",2022-05-03
108,Kyrgyzstan,"200,993",,"2,991 ",,"196,405",,"1,597",131,"29,905",445,"1,907,195","283,762","6,721,105 ",Asia,33,"2,247",4,,,238,2022-05-03
109,Iceland,"185,579",,119 ,,"75,685",,"109,775",,"537,451",345,"1,953,616","5,657,817","345,295 ",Europe,2,"2,902",0,,,"317,917",2022-05-03
110,Maldives,"179,171",,298 ,,"163,687",,"15,186",25,"321,119",534,"2,213,831","3,967,731","557,959 ",Asia,3,"1,872",0,,,"27,217",2022-05-03
111,Afghanistan,"178,901",,"7,683 ",,"161,896",,"9,322","1,124","4,414",190,"944,738","23,309","40,531,821 ",Asia,227,"5,276",43,,,230,2022-05-03
112,Taiwan,"173,942","+23,139",876 ,+5,"28,721",+929,"144,345",,"7,279",37,"14,936,942","625,091","23,895,647 ",Asia,137,"27,278",2,968,0.2,"6,041",2022-05-03
113,Uganda,"164,069",,"3,596 ",,"100,205",,"60,268",2,"3,391",74,"2,612,795","54,003","48,382,232 ",Africa,295,"13,454",19,,,"1,246",2022-05-03
114,El Salvador,"162,089",,"4,128 ",,"150,662",,"7,299",8,"24,761",631,"1,950,448","297,956","6,546,087 ",North America,40,"1,586",3,,,"1,115",2022-05-03
115,Ghana,"161,204",,"1,445 ",,"159,712",,47,1,"4,997",45,"2,437,331","75,554","32,259,308 ",Africa,200,"22,325",13,,,1,2022-05-03
116,Namibia,"158,811",,"4,025 ",,"153,662",,"1,124",,"60,498","1,533","1,007,690","383,870","2,625,079 ",Africa,17,652,3,,,428,2022-05-03
117,Martinique,"153,253",,926 ,,104,,"152,223",8,"408,966","2,471","828,928","2,212,050","374,733 ",North America,2,405,0,,,"406,217",2022-05-03
118,Trinidad and Tobago,"148,630",,"3,833 ",,"136,167",,"8,630",18,"105,578","2,723","708,367","503,180","1,407,780 ",North America,9,367,2,,,"6,130",2022-05-03
119,Brunei ,"141,911",,218 ,,"141,022",,671,1,"318,799",490,"717,784","1,612,480","445,143 ",Asia,3,"2,042",1,,,"1,507",2022-05-03
120,Guadeloupe,"140,130",,854 ,,"2,250",,"137,026",19,"350,107","2,134","938,039","2,343,639","400,249 ",North America,3,469,0,,,"342,352",2022-05-03
121,Cambodia,"136,257",+3,"3,056 ",,"133,144",+28,57,,"7,949",178,"2,953,579","172,298","17,142,279 ",Asia,126,"5,609",6,0.2,,3,2022-05-03
122,Jamaica,"130,299",,"2,967 ",,"83,689",,"43,643",,"43,654",994,"1,004,132","336,413","2,984,815 ",North America,23,"1,006",3,,,"14,622",2022-05-03
123,Rwanda,"129,812",,"1,459 ",,"45,522",,"82,831",,"9,588",108,"5,279,288","389,920","13,539,397 ",Africa,104,"9,280",3,,,"6,118",2022-05-03
124,Cameroon,"119,780",,"1,927 ",,"117,791",,62,13,"4,316",69,"1,751,774","63,117","27,754,322 ",Africa,232,"14,403",16,,,2,2022-05-03
125,Angola,"99,194",,"1,900 ",,"97,149",,145,,"2,856",55,"1,499,795","43,177","34,735,599 ",Africa,350,"18,282",23,,,4,2022-05-03
126,Malta,"91,975",,700 ,,"87,528",,"3,747",4,"207,293","1,578","1,886,047","4,250,774","443,695 ",Europe,5,634,0,,,"8,445",2022-05-03
127,DRC,"87,023",,"1,337 ",,"50,930",,"34,756",,920,14,"846,704","8,956","94,540,061 ",Africa,"1,086","70,711",112,,,368,2022-05-03
128,Senegal,"86,005",,"1,966 ",,"84,019",,20,,"4,900",112,"1,070,306","60,983","17,550,832 ",Africa,204,"8,927",16,,,1,2022-05-03
129,Malawi,"85,790",,"2,634 ",,"82,066",,"1,090",67,"4,282",131,"574,794","28,691","20,033,950 ",Africa,234,"7,606",35,,,54,2022-05-03
130,Ivory Coast,"81,957",,799 ,,"81,112",,46,,"2,972",29,"1,501,863","54,469","27,572,866 ",Africa,336,"34,509",18,,,2,2022-05-03
131,French Guiana,"80,859",,395 ,,"11,254",,"69,210",2,"258,468","1,263","627,211","2,004,894","312,840 ",South America,4,792,0,,,"221,231",2022-05-03
132,Suriname,"79,336",,"1,328 ",,"49,401",,"28,607",,"133,059","2,227","235,950","395,724","596,249 ",South America,8,449,3,,,"47,978",2022-05-03
133,Channel Islands,"74,383",,169 ,,"73,224",,990,,"420,730",956,"1,252,808","7,086,219","176,795 ",Europe,2,"1,046",0,,,"5,600",2022-05-03
134,French Polynesia,"72,746",,648 ,,N/A,N/A,N/A,7,"256,257","2,283",,,"283,879 ",Australia/Oceania,4,438,,,,"135,966",2022-05-03
135,Barbados,"70,793",,398 ,,"66,662",,"3,733",,"245,793","1,382","651,301","2,261,313","288,019 ",North America,4,724,0,,,"12,961",2022-05-03
136,Eswatini,"70,678",,"1,397 ",,"68,969",,312,11,"59,788","1,182","1,015,834","859,316","1,182,142 ",Africa,17,846,1,,,264,2022-05-03
137,Fiji,"64,646",,862 ,,"62,791",,993,,"71,170",949,"508,091","559,368","908,331 ",Australia/Oceania,14,"1,054",2,,,"1,093",2022-05-03
138,Madagascar,"64,181",,"1,391 ",,"59,370",,"3,420",14,"2,214",48,"426,220","14,701","28,992,875 ",Africa,452,"20,843",68,,,118,2022-05-03
139,Guyana,"63,484",,"1,228 ",,"62,143",,113,1,"80,005","1,548","598,281","753,980","793,497 ",South America,12,646,1,,,142,2022-05-03
140,Sudan,"62,117",,"4,931 ",,N/A,N/A,N/A,,"1,359",108,"562,941","12,312","45,721,722 ",Africa,736,"9,272",81,,,369,2022-05-03
141,New Caledonia,"60,517",,312 ,,"60,102",,103,9,"208,306","1,074","98,964","340,644","290,520 ",Australia/Oceania,5,931,3,,,355,2022-05-03
142,Bhutan,"59,274",+27,21 ,,"58,623",+270,630,1,"75,302",27,"2,300,918","2,923,089","787,153 ",Asia,13,"37,483",0,34,,800,2022-05-03
143,Mauritania,"58,694",,982  ,,"57,695",,17,,"12,044",202,"804,490","165,086","4,873,160 ",Africa,83,"4,962",6,,,3,2022-05-03
144,Belize,"57,497",,676 ,,"56,604",,217,6,"139,953","1,645","539,513","1,313,220","410,832 ",North America,7,608,1,,,528,2022-05-03
145,Cabo Verde,"56,028",,401 ,,"55,556",,71,23,"98,809",707,"400,982","707,154","567,036 ",Africa,10,"1,414",1,,,125,2022-05-03
146,Syria,"55,825",,"3,150 ",,"52,201",,474,,"3,054",172,"146,269","8,002","18,278,163 ",Asia,327,"5,803",125,,,26,2022-05-03
147,Gabon,"47,602",,304 ,,"47,285",,13,,"20,502",131,"1,593,622","686,378","2,321,785 ",Africa,49,"7,637",1,,,6,2022-05-03
148,Papua New Guinea,"43,821",,650 ,,"43,133",,38,7,"4,734",70,"249,149","26,915","9,257,040 ",Australia/Oceania,211,"14,242",37,,,4,2022-05-03
149,Seychelles,"42,474",,166 ,,"41,727",,581,,"427,042","1,669",,,"99,461 ",Africa,2,599,,,,"5,841",2022-05-03
150,Curaçao,"42,241",,274 ,,"41,612",,355,3,"255,509","1,657","496,693","3,004,416","165,321 ",North America,4,603,0,,,"2,147",2022-05-03
151,Andorra,"41,349",,153 ,,"40,689",,507,14,"533,597","1,974","249,838","3,224,091","77,491 ",Europe,2,506,0,,,"6,543",2022-05-03
152,Burundi,"39,998",,38 ,,773,,"39,187",,"3,190",3,"345,742","27,575","12,538,337 ",Africa,313,"329,956",36,,,"3,125",2022-05-03
153,Mauritius,"37,691",,990 ,,"35,962",,739,,"29,547",776,"358,675","281,175","1,275,629 ",Africa,34,"1,289",4,,,579,2022-05-03
154,Mayotte,"37,363",,187 ,,"2,964",,"34,212",,"131,166",656,"176,919","621,089","284,853 ",Africa,8,"1,523",2,,,"120,104",2022-05-03
155,Togo,"36,991",,273 ,,"36,693",,25,,"4,285",32,"731,018","84,671","8,633,587 ",Africa,233,"31,625",12,,,3,2022-05-03
156,Guinea,"36,459",,440 ,,"35,976",,43,8,"2,645",32,"660,107","47,889","13,784,209 ",Africa,378,"31,328",21,,,3,2022-05-03
157,Aruba,"34,846",,212 ,,"34,516",,118,3,"323,863","1,970","177,885","1,653,283","107,595 ",North America,3,508,1,,,"1,097",2022-05-03
158,Faeroe Islands,"34,658",,28 ,,"7,693",,"26,937",5,"704,388",569,"778,000","15,812,044","49,203 ",Europe,1,"1,757",0,,,"547,467",2022-05-03
159,Tanzania,"33,872",,803 ,,N/A,N/A,N/A,7,539,13,,,"62,845,449 ",Africa,"1,855","78,263",,,,523,2022-05-03
160,Bahamas,"33,582",,798 ,,"32,368",,416,,"83,930","1,994","229,817","574,372","400,119 ",North America,12,501,2,,,"1,040",2022-05-03
161,Lesotho,"32,910",,697 ,,"24,155",,"8,058",,"15,143",321,"431,221","198,416","2,173,321 ",Africa,66,"3,118",5,,,"3,708",2022-05-03
162,Mali,"30,850",,732 ,,"29,942",,176,,"1,447",34,"667,082","31,293","21,317,411 ",Africa,691,"29,122",32,,,8,2022-05-03
163,Haiti,"30,697",,835 ,,"29,522",,340,,"2,633",72,"132,422","11,360","11,656,845 ",North America,380,"13,960",88,,,29,2022-05-03
164,Isle of Man,"28,416",,87 ,,"26,794",,"1,535",,"330,973","1,013","150,753","1,755,882","85,856 ",Europe,3,987,1,,,"17,879",2022-05-03
165,Benin,"26,952",,163 ,,"25,506",,"1,283",5,"2,122",13,"604,310","47,569","12,703,894 ",Africa,471,"77,938",21,,,101,2022-05-03
166,Somalia,"26,485",,"1,350 ",,"13,182",,"11,953",,"1,586",81,"400,466","23,974","16,704,050 ",Africa,631,"12,373",42,,,716,2022-05-03
167,Congo,"24,079",,385 ,,"20,178",,"3,516",,"4,176",67,"347,815","60,317","5,766,483 ",Africa,239,"14,978",17,,,610,2022-05-03
168,Saint Lucia,"23,459",,368 ,,"22,917",,174,,"126,694","1,987","143,281","773,810","185,163 ",North America,8,503,1,,,940,2022-05-03
169,Timor-Leste,"22,871",,130 ,,"22,723",,18,,"16,763",95,"262,824","192,633","1,364,379 ",Asia,60,"10,495",5,,,13,2022-05-03
170,Cayman Islands,"22,223",,27 ,,"8,553",,"13,643",1,"331,025",402,"222,773","3,318,333","67,134 ",North America,3,"2,486",0,,,"203,220",2022-05-03
171,Burkina Faso,"20,853",,382 ,,"20,439",,32,,950,17,"248,995","11,343","21,951,433 ",Africa,"1,053","57,464",88,,,1,2022-05-03
172,Nicaragua,"18,491",,225 ,,"4,225",,"14,041",,"2,732",33,,,"6,768,755 ",North America,366,"30,083",,,,"2,074",2022-05-03
173,Gibraltar,"17,837",,102 ,,"16,579",,"1,156",,"529,712","3,029","534,283","15,866,807","33,673 ",Europe,2,330,0,,,"34,330",2022-05-03
174,South Sudan,"17,483",,138 ,,"13,514",,"3,831",1,"1,529",12,"381,528","33,368","11,433,834 ",Africa,654,"82,854",30,,,335,2022-05-03
175,Tajikistan,"17,388",,124 ,,"17,264",,0,,"1,751",12,,,"9,929,452 ",Asia,571,"80,076",,,,,2022-05-03
176,Liechtenstein,"17,214",+13,84 ,,"17,031",+15,99,1,"449,123","2,192","102,174","2,665,780","38,328 ",Europe,2,456,0,339,,"2,583",2022-05-03
177,San Marino,"16,476",,115 ,,"16,059",,302,4,"483,706","3,376","152,231","4,469,233","34,062 ",Europe,2,296,0,,,"8,866",2022-05-03
178,Equatorial Guinea,"15,907",,183 ,,"15,698",,26,5,"10,696",123,"310,972","209,091","1,487,259 ",Africa,93,"8,127",5,,,17,2022-05-03
179,Solomon Islands,"15,677",,141 ,,"14,109",,"1,427",2,"21,844",196,"5,117","7,130","717,690 ",Australia/Oceania,46,"5,090",140,,,"1,988",2022-05-03
180,Djibouti,"15,631",,189 ,,"15,427",,15,,"15,411",186,"305,941","301,632","1,014,285 ",Africa,65,"5,367",3,,,15,2022-05-03
181,Grenada,"14,743",,220 ,,"14,111",,412,4,"129,921","1,939","150,740","1,328,375","113,477 ",North America,8,516,1,,,"3,631",2022-05-03
182,CAR,"14,649",,113 ,,"6,859",,"7,677",2,"2,940",23,"81,294","16,313","4,983,380 ",Africa,340,"44,101",61,,,"1,541",2022-05-03
183,Bermuda,"13,488",,131 ,,"12,981",,376,,"218,051","2,118","876,273","14,166,109","61,857 ",North America,5,472,0,,,"6,079",2022-05-03
184,Dominica,"12,161",,63 ,,"12,025",,73,,"168,172",871,"191,084","2,642,457","72,313 ",North America,6,"1,148",0,,,"1,010",2022-05-03
185,Gambia,"11,995",,365 ,,"11,591",,39,,"4,721",144,"155,686","61,274","2,540,819 ",Africa,212,"6,961",16,,,15,2022-05-03
186,Greenland,"11,971",,21 ,,"2,761",,"9,189",4,"210,202",369,"164,926","2,895,979","56,950 ",North America,5,"2,712",0,,,"161,352",2022-05-03
187,Yemen,"11,818",,"2,149 ",,"9,009",,660,23,381,69,"265,253","8,549","31,027,427 ",Asia,"2,625","14,438",117,,,21,2022-05-03
188,Monaco,"11,801",,54 ,,"11,638",,109,4,"296,873","1,358","54,960","1,382,607","39,751 ",Europe,3,736,1,,,"2,742",2022-05-03
189,Saint Martin,"10,462",,63 ,,"1,399",,"9,000",7,"262,390","1,580","112,382","2,818,569","39,872 ",North America,4,633,0,,,"225,722",2022-05-03
190,Tonga,"10,452",,11 ,,"9,127",,"1,314",,"96,879",102,"470,236","4,358,597","107,887 ",Australia/Oceania,10,"9,808",0,,,"12,179",2022-05-03
191,Sint Maarten,"10,065",,86 ,,"9,913",,66,10,"229,968","1,965","62,056","1,417,872","43,767 ",North America,4,509,1,,,"1,508",2022-05-03
192,Eritrea,"9,734",,103 ,,"9,631",,0,,"2,677",28,"23,693","6,516","3,636,219 ",Africa,374,"35,303",153,,,,2022-05-03
193,Caribbean Netherlands,"9,729",,34 ,,"9,619",,76,,"364,806","1,275","30,126","1,129,626","26,669 ",North America,3,784,1,,,"2,850",2022-05-03
194,Samoa,"9,592",,19 ,,"1,605",,"7,968",4,"47,763",95,"65,949","328,389","200,826 ",Australia/Oceania,21,"10,570",3,,,"39,676",2022-05-03
195,Niger,"8,943",,309 ,,"8,524",,110,1,347,12,"250,490","9,706","25,808,567 ",Africa,"2,886","83,523",103,,,4,2022-05-03
196,Guinea-Bissau,"8,202",,171 ,,"7,528",,503,6,"3,995",83,"134,285","65,407","2,053,070 ",Africa,250,"12,006",15,,,245,2022-05-03
197,Comoros,"8,100",,160 ,,"7,933",,7,,"8,965",177,,,"903,482 ",Africa,112,"5,647",,,,8,2022-05-03
198,Sierra Leone,"7,681",,125 ,,N/A,N/A,N/A,,928,15,"259,958","31,420","8,273,700 ",Africa,"1,077","66,190",32,,,331,2022-05-03
199,Antigua and Barbuda,"7,626",,136 ,,"7,443",,47,1,"76,710","1,368","18,901","190,126","99,413 ",North America,13,731,5,,,473,2022-05-03
200,Vanuatu,"7,527",+21,13 ,,"6,899",+131,615,3,"23,502",41,"24,976","77,984","320,272 ",Australia/Oceania,43,"24,636",13,66,,"1,920",2022-05-03
201,Liberia,"7,434",,294 ,,"5,747",,"1,393",2,"1,409",56,"139,824","26,506","5,275,091 ",Africa,710,"17,942",38,,,264,2022-05-03
202,Chad,"7,412",,193 ,,"4,874",,"2,345",,429,11,"191,341","11,068","17,287,744 ",Africa,"2,332","89,574",90,,,136,2022-05-03
203,St. Vincent Grenadines,"6,786",,106 ,,"6,641",,39,,"60,815",950,"98,944","886,714","111,585 ",North America,16,"1,053",1,,,350,2022-05-03
204,British Virgin Islands,"6,355",,62 ,,N/A,N/A,N/A,1,"207,687","2,026","103,049","3,367,724","30,599 ",North America,5,494,0,,,"3,366",2022-05-03
205,Sao Tome and Principe,"5,964",,73 ,,"5,884",,7,,"26,319",322,"29,036","128,135","226,604 ",Africa,38,"3,104",8,,,31,2022-05-03
206,Turks and Caicos,"5,963",,36 ,,"5,862",,65,4,"150,296",907,"488,787","12,319,773","39,675 ",North America,7,"1,102",0,,,"1,638",2022-05-03
207,Saint Kitts and Nevis,"5,566",,43 ,,"5,519",,4,,"103,290",798,"70,707","1,312,135","53,887 ",North America,10,"1,253",1,,,74,2022-05-03
208,Cook Islands,"5,116",,1 ,,"4,863",,252,,"290,797",57,"16,762","952,765","17,593 ",Australia/Oceania,3,"17,593",1,,,"14,324",2022-05-03
209,Palau,"4,610",,6 ,,"3,984",,620,1,"252,575",329,"46,016","2,521,148","18,252 ",Australia/Oceania,4,"3,042",0,,,"33,969",2022-05-03
210,St. Barth,"4,544",,6 ,,N/A,N/A,N/A,,"457,511",604,"78,646","7,918,445","9,932 ",North America,2,"1,655",0,,,"410,391",2022-05-03
211,Kiribati,"3,084",,13 ,,"2,601",,470,3,"25,114",106,,,"122,802 ",Australia/Oceania,40,"9,446",,,,"3,827",2022-05-03
212,Anguilla,"2,788",,9 ,,"2,766",,13,4,"182,844",590,"51,382","3,369,753","15,248 ",North America,5,"1,694",0,,,853,2022-05-03
213,Saint Pierre Miquelon,"2,701",,1 ,,"2,449",,251,1,"470,394",174,"23,446","4,083,246","5,742 ",North America,2,"5,742",0,,,"43,713",2022-05-03
214,Diamond Princess,712,,13 ,,699,,0,,,,,, ,,,,,,,,2022-05-03
215,Wallis and Futuna,454,,7 ,,438,,9,,"41,732",643,"20,508","1,885,100","10,879 ",Australia/Oceania,24,"1,554",1,,,827,2022-05-03
216,Montserrat,273,,2 ,,181,,90,,"54,622",400,"10,135","2,027,811","4,998 ",North America,18,"2,499",0,,,"18,007",2022-05-03
217,Falkland Islands,128,, ,,N/A,N/A,N/A,,"34,925",,"8,632","2,355,252","3,665 ",South America,29,,0,,,"1,091",2022-05-03
218,Macao,82,, ,,82,,0,,123,,"5,375","8,076","665,529 ",Asia,"8,116",,124,,,,2022-05-03
219,Vatican City,29,, ,,29,,0,,"36,025",,,,805 ,Europe,28,,,,,,2022-05-03
220,Marshall Islands,17,, ,,14,,3,,284,,,,"59,921 ",Australia/Oceania,"3,525",,,,,50,2022-05-03
221,Western Sahara,10,,1 ,,9,,0,,16,2,,,"624,198 ",Africa,"62,420","624,198",,,,,2022-05-03
222,MS Zaandam,9,,2 ,,7,,0,,,,,, ,,,,,,,,2022-05-03
223,Niue,9,, ,,7,,2,,"5,468",,,,"1,646 ",Australia/Oceania,183,,,,,"1,215",2022-05-03
224,Micronesia,7,, ,,1,,6,,60,,,,"117,229 ",Australia/Oceania,"16,747",,,,,51,2022-05-03
225,Nauru,5,, ,,3,,2,,457,,,,"10,949 ",Australia/Oceania,"2,190",,,,,183,2022-05-03
226,Saint Helena,2,, ,,2,,0,,327,,,,"6,110 ",Africa,"3,055",,,,,,2022-05-03
227,China,"217,836",+384,"5,112 ",+20,"196,458","+4,271","16,266",615,151,4,"160,000,000","111,163","1,439,323,776 ",Asia,"6,607","281,558",9,0.3,0.01,11,2022-05-03
0,USA,"83,240,101","+52,573","1,021,581 ",+340,"80,795,416","+38,058","1,423,104","1,591","248,805","3,054","1,007,292,521","3,010,803","334,559,397 ",North America,4,327,0,157,1,"4,254",2022-05-04
1,India,"43,088,401","+3,235","523,889 ",,"42,541,887",,"22,625",698,"30,671",373,"838,628,250","596,946","1,404,865,590 ",Asia,33,"2,682",2,2,,16,2022-05-04
2,Brazil,"30,482,429","+21,432","663,765 ",+108,"29,585,304","+30,996","233,360","8,318","141,563","3,083","63,776,166","296,181","215,328,161 ",South America,7,324,3,100,0.5,"1,084",2022-05-04
3,France,"28,757,765","+67,017","146,262 ",+120,"27,163,913","+146,246","1,447,590","1,511","438,794","2,232","269,816,888","4,116,942","65,538,174 ",Europe,2,448,0,"1,023",2,"22,088",2022-05-04
4,Germany,"24,949,403","+158,213","136,183 ",+236,"22,658,600","+189,400","2,154,620","1,446","296,048","1,616","122,332,384","1,451,588","84,274,849 ",Europe,3,619,1,"1,877",3,"25,567",2022-05-04
5,UK,"22,073,858","+6,819","175,319 ",+102,"21,357,816","+93,688","540,723",302,"322,061","2,558","517,337,635","7,548,025","68,539,470 ",Europe,3,391,0,99,1,"7,889",2022-05-04
6,Russia,"18,201,074","+5,466","376,292 ",+125,"17,563,272","+7,052","261,510","2,300","124,623","2,576","273,400,000","1,871,973","146,049,122 ",Europe,8,388,1,37,0.9,"1,791",2022-05-04
7,S. Korea,"17,346,753","+51,020","23,007 ",+49,N/A,N/A,N/A,417,"337,814",448,"15,804,065","307,771","51,350,034 ",Asia,3,"2,232",3,994,1.0,"318,485",2022-05-04
8,Italy,"16,586,268","+62,071","163,889 ",+153,"15,222,419","+67,398","1,199,960",366,"275,067","2,718","214,594,775","3,558,849","60,298,927 ",Europe,4,368,0,"1,029",3,"19,900",2022-05-04
9,Turkey,"15,036,110","+1,193","98,801 ",+10,"14,932,844","+1,354","4,465",975,"174,834","1,149","159,323,561","1,852,557","86,001,990 ",Asia,6,870,1,14,0.1,52,2022-05-04
10,Spain,"11,953,481","+14,333","104,668 ",+53,"11,446,906","+14,368","401,907",339,"255,482","2,237","471,036,328","10,067,469","46,787,961 ",Europe,4,447,0,306,1,"8,590",2022-05-04
11,Vietnam,"10,659,358","+2,709","43,044 ",,"9,267,281","+1,825","1,349,033",475,"107,732",435,"85,801,758","867,180","98,943,426 ",Asia,9,"2,299",1,27,,"13,634",2022-05-04
12,Argentina,"9,083,673",,"128,653 ",,"8,895,999",,"59,021",372,"197,661","2,799","35,716,069","777,184","45,955,722 ",South America,5,357,1,,,"1,284",2022-05-04
13,Netherlands,"8,053,048","+1,756","22,262 ",+6,"7,886,445","+10,770","144,341",71,"468,082","1,294","21,107,399","1,226,865","17,204,344 ",Europe,2,773,1,102,0.3,"8,390",2022-05-04
14,Japan,"7,925,130","+23,197","29,631 ",+30,"7,517,841","+38,420","377,658",160,"63,014",236,"48,945,912","389,179","125,767,073 ",Asia,16,"4,244",3,184,0.2,"3,003",2022-05-04
15,Iran,"7,223,576",+571,"141,131 ",+17,"6,992,001","+2,643","90,444","1,062","84,031","1,642","50,914,586","592,286","85,962,785 ",Asia,12,609,2,7,0.2,"1,052",2022-05-04
16,Colombia,"6,092,667",,"139,797 ",,"5,926,476",,"26,394",342,"117,445","2,695","34,465,052","664,365","51,876,660 ",South America,9,371,2,,,509,2022-05-04
17,Indonesia,"6,047,315",+107,"156,305 ",+18,"5,884,059",+395,"6,951","2,771","21,689",561,"95,739,932","343,371","278,823,441 ",Asia,46,"1,784",3,0.4,0.06,25,2022-05-04
18,Australia,"6,029,879","+37,731","7,310 ",+40,"5,658,513",,"364,056",143,"231,544",281,"69,540,042","2,670,302","26,042,010 ",Australia/Oceania,4,"3,563",0,"1,449",2,"13,980",2022-05-04
19,Poland,"5,997,825",+890,"116,069 ",+14,"5,334,769",+33,"546,987","1,321","158,796","3,073","36,116,043","956,193","37,770,661 ",Europe,6,325,1,24,0.4,"14,482",2022-05-04
20,Mexico,"5,740,080",,"324,350 ",,"5,039,624",,"376,106","4,798","43,679","2,468","15,801,675","120,243","131,414,920 ",North America,23,405,8,,,"2,862",2022-05-04
21,Ukraine,"5,002,870",,"108,411 ",,N/A,N/A,N/A,177,"115,667","2,506","19,521,252","451,333","43,252,408 ",Europe,9,399,2,,,"19,339",2022-05-04
22,Malaysia,"4,451,781",+922,"35,564 ",+9,"4,384,384","+5,520","31,833",69,"134,390","1,074","58,847,274","1,776,477","33,125,821 ",Asia,7,931,1,28,0.3,961,2022-05-04
23,Thailand,"4,281,536","+9,721","28,781 ",+77,"4,134,191","+20,145","118,564","1,496","61,059",410,"17,270,775","246,300","70,120,917 ",Asia,16,"2,436",4,139,1,"1,691",2022-05-04
24,Austria,"4,154,244","+5,240","18,183 ",+13,"4,063,754","+8,028","72,307",80,"456,482","1,998","183,321,889","20,144,014","9,100,564 ",Europe,2,500,0,576,1,"7,945",2022-05-04
25,Israel,"4,082,961","+2,474","10,699 ",+1,"4,048,807",,"23,455",220,"437,804","1,147","41,373,364","4,436,346","9,326,000 ",Asia,2,872,0,265,0.1,"2,515",2022-05-04
26,Belgium,"4,071,279",,"31,494 ",,"3,839,733","+20,124","200,052",131,"348,507","2,696","33,643,042","2,879,892","11,682,049 ",Europe,3,371,0,,,"17,125",2022-05-04
27,Czechia,"3,907,793","+1,680","40,175 ",+2,"3,855,944","+1,966","11,674",30,"363,672","3,739","55,226,142","5,139,521","10,745,386 ",Europe,3,267,0,156,0.2,"1,086",2022-05-04
28,Portugal,"3,853,800",,"22,280 ",,N/A,N/A,N/A,61,"379,975","2,197","41,376,874","4,079,660","10,142,236 ",Europe,3,455,0,,,"94,195",2022-05-04
29,South Africa,"3,802,198","+3,785","100,377 ",+7,"3,661,635","+9,970","40,186",192,"62,661","1,654","24,527,102","404,212","60,678,820 ",Africa,16,605,2,62,0.1,662,2022-05-04
30,Canada,"3,760,414","+4,142","39,350 ",+58,"3,464,666","+4,903","256,398",468,"98,059","1,026","61,020,893","1,591,219","38,348,530 ",North America,10,975,1,108,2,"6,686",2022-05-04
31,Philippines,"3,686,216",+134,"60,412 ",+2,"3,620,659",+290,"5,145",289,"32,838",538,"29,618,635","263,855","112,253,430 ",Asia,30,"1,858",4,1,0.02,46,2022-05-04
32,Switzerland,"3,619,035","+2,034","13,865 ",+3,"3,489,351","+12,315","115,819",69,"412,633","1,581","20,851,897","2,377,477","8,770,600 ",Europe,2,633,0,232,0.3,"13,205",2022-05-04
33,Peru,"3,567,171",+648,"212,877 ",+12,N/A,N/A,N/A,295,"105,496","6,296","29,912,021","884,620","33,813,403 ",South America,9,159,1,19,0.4,"48,313",2022-05-04
34,Chile,"3,563,650","+1,129","57,544 ",+3,"3,429,112","+4,476","76,994",206,"183,534","2,964","37,105,587","1,910,996","19,416,886 ",South America,5,337,1,58,0.2,"3,965",2022-05-04
35,Greece,"3,335,550","+4,262","29,249 ",+44,"3,237,163","+6,725","69,138",240,"322,906","2,832","79,994,784","7,744,095","10,329,778 ",Europe,3,353,0,413,4,"6,693",2022-05-04
36,Denmark,"2,968,301",+913,"6,191 ",+8,"2,946,068","+1,689","16,042",8,"509,179","1,062","127,244,848","21,827,451","5,829,579 ",Europe,2,942,0,157,1,"2,752",2022-05-04
37,Romania,"2,896,012","+1,116","65,510 ",+14,"2,606,660",,"223,842",193,"152,401","3,447","22,750,156","1,197,214","19,002,587 ",Europe,7,290,1,59,0.7,"11,780",2022-05-04
38,Sweden,"2,500,917",,"18,739 ",,"2,470,701",,"11,477",21,"244,836","1,835","18,513,445","1,812,439","10,214,660 ",Europe,4,545,1,,,"1,124",2022-05-04
39,Iraq,"2,325,287",+40,"25,212 ",+1,"2,298,392",+218,"1,683",12,"55,528",602,"18,485,010","441,425","41,875,787 ",Asia,18,"1,661",2,1.0,0.02,40,2022-05-04
40,Serbia,"2,007,554",+463,"16,007 ",+3,"1,978,619",+957,"12,928",23,"231,475","1,846","9,504,063","1,095,836","8,672,891 ",Europe,4,542,1,53,0.3,"1,491",2022-05-04
41,Bangladesh,"1,952,733",+7,"29,127 ",,"1,896,279",+278,"27,327","1,297","11,644",174,"13,997,272","83,468","167,695,887 ",Asia,86,"5,757",12,0.04,,163,2022-05-04
42,Hungary,"1,903,200",,"46,266 ",,"1,808,061",,"48,873",40,"197,932","4,812","11,355,462","1,180,965","9,615,407 ",Europe,5,208,1,,,"5,083",2022-05-04
43,Slovakia,"1,782,607",+765,"19,938 ",+7,"1,746,031",+690,"16,638",70,"326,217","3,649","7,099,765","1,299,255","5,464,488 ",Europe,3,274,1,140,1,"3,045",2022-05-04
44,Jordan,"1,694,216",,"14,048 ",,"1,678,941",,"1,227",124,"163,082","1,352","16,670,254","1,604,647","10,388,738 ",Asia,6,740,1,,,118,2022-05-04
45,Georgia,"1,655,221",,"16,811 ",,"1,637,293",,"1,117",,"416,393","4,229","16,920,079","4,256,477","3,975,137 ",Asia,2,236,0,,,281,2022-05-04
46,Pakistan,"1,528,564",+46,"30,372 ",,"1,494,141",,"4,051",110,"6,682",133,"28,202,655","123,290","228,749,669 ",Asia,150,"7,532",8,0.2,,18,2022-05-04
47,Ireland,"1,519,296",+491,"7,092 ",+5,"1,464,123","+2,313","48,081",39,"301,516","1,407","12,081,430","2,397,655","5,038,852 ",Europe,3,710,0,97,1.0,"9,542",2022-05-04
48,Norway,"1,426,798",+307,"2,932 ",,N/A,N/A,N/A,20,"259,469",533,"11,002,430","2,000,835","5,498,919 ",Europe,4,"1,875",0,56,,"242,759",2022-05-04
49,Kazakhstan,"1,305,551",+3,"13,660 ",,"1,291,101",+12,790,24,"68,039",712,"11,575,012","603,235","19,188,238 ",Asia,15,"1,405",2,0.2,,41,2022-05-04
50,Hong Kong,"1,205,083",+290,"9,325 ",+7,N/A,N/A,N/A,5,"158,388","1,226","44,972,952","5,910,934","7,608,434 ",Asia,6,816,0,38,0.9,"155,423",2022-05-04
51,Singapore,"1,202,546","+1,570","1,338 ",,"1,140,531",,"60,677",5,"202,631",225,"23,767,171","4,004,812","5,934,653 ",Asia,5,"4,435",0,265,,"10,224",2022-05-04
52,Morocco,"1,165,004",+20,"16,069 ",,"1,148,595",+39,340,293,"30,892",426,"11,237,010","297,968","37,712,192 ",Africa,32,"2,347",3,0.5,,9,2022-05-04
53,Bulgaria,"1,157,919",+720,"36,947 ",+27,"983,414","+4,881","137,558",75,"168,975","5,392","9,864,292","1,439,491","6,852,623 ",Europe,6,185,1,105,4,"20,074",2022-05-04
54,Croatia,"1,123,578",+549,"15,848 ",+5,"1,103,204",+694,"4,526",21,"276,819","3,905","4,794,945","1,181,345","4,058,887 ",Europe,4,256,1,135,1,"1,115",2022-05-04
55,Cuba,"1,103,395",+109,"8,527 ",,"1,094,057",+179,811,23,"97,525",754,"12,920,253","1,141,976","11,313,948 ",North America,10,"1,327",1,10,,72,2022-05-04
56,Lebanon,"1,097,118",+33,"10,392 ",+1,"1,081,770",,"4,956",186,"162,069","1,535","4,795,578","708,415","6,769,446 ",Asia,6,651,1,5,0.1,732,2022-05-04
57,Lithuania,"1,058,779",+234,"9,108 ",+2,"1,026,020","+1,219","23,651",30,"399,129","3,433","8,255,055","3,111,920","2,652,721 ",Europe,3,291,0,88,0.8,"8,916",2022-05-04
58,Tunisia,"1,040,193",,"28,550 ",,N/A,N/A,N/A,29,"86,357","2,370","4,572,976","379,651","12,045,222 ",Africa,12,422,3,,,"-1,198.15",2022-05-04
59,Finland,"1,023,013",,"3,939 ",,"46,000",,"973,074",24,"184,111",709,"10,720,282","1,929,326","5,556,492 ",Europe,5,"1,411",1,,,"175,124",2022-05-04
60,Slovenia,"1,011,253",+455,"6,598 ",+3,"991,777",+473,"12,878",22,"486,305","3,173","2,647,758","1,273,290","2,079,462 ",Europe,2,315,1,219,1,"6,193",2022-05-04
61,Belarus,"980,868",+40,"6,954 ",+3,"928,536",,"45,378",,"103,866",736,"13,172,291","1,394,834","9,443,628 ",Europe,10,"1,358",1,4,0.3,"4,805",2022-05-04
62,Nepal,"978,865",+29,"11,951 ",,"966,697",+23,217,,"32,524",397,"5,643,648","187,516","30,096,878 ",Asia,31,"2,518",5,1.0,,7,2022-05-04
63,New Zealand,"952,697","+9,269",731 ,+18,"895,772","+6,452","56,194",,"190,459",146,"7,083,851","1,416,175","5,002,100 ",Australia/Oceania,5,"6,843",1,"1,853",4,"11,234",2022-05-04
64,Bolivia,"905,097",+23,"21,923 ",,"859,363",+221,"23,811",220,"75,647","1,832","2,700,878","225,736","11,964,768 ",South America,13,546,4,2,,"1,990",2022-05-04
65,UAE,"899,242",+209,"2,302 ",,"882,880",+289,"14,060",,"88,951",228,"156,493,149","15,480,027","10,109,359 ",Asia,11,"4,392",0,21,,"1,391",2022-05-04
66,Uruguay,"895,775",,"7,197 ",,"886,654",,"1,924",18,"256,244","2,059","6,091,188","1,742,435","3,495,790 ",South America,4,486,1,,,550,2022-05-04
67,Ecuador,"869,696",,"35,598 ",,N/A,N/A,N/A,759,"47,960","1,963","2,470,170","136,218","18,133,906 ",South America,21,509,7,,,"21,519",2022-05-04
68,Costa Rica,"852,074",,"8,405 ",,"832,853",,"10,816",45,"164,514","1,623","4,291,131","828,507","5,179,356 ",North America,6,616,1,,,"2,088",2022-05-04
69,Guatemala,"846,785",+153,"17,622 ",+9,"827,077",+265,"2,086",5,"45,716",951,"4,469,600","241,304","18,522,696 ",North America,22,"1,051",4,8,0.5,113,2022-05-04
70,Latvia,"823,110",+384,"5,777 ",+7,"809,733",,"7,600",8,"445,406","3,126","7,186,387","3,888,738","1,848,000 ",Europe,2,320,0,208,4,"4,113",2022-05-04
71,Azerbaijan,"792,585",+6,"9,709 ",,"782,804",+18,72,,"76,900",942,"6,820,672","661,775","10,306,639 ",Asia,13,"1,062",2,0.6,,7,2022-05-04
72,Panama,"778,310",+652,"8,188 ",+3,"763,639",+469,"6,483",8,"175,326","1,844","5,887,808","1,326,319","4,439,210 ",North America,6,542,1,147,0.7,"1,460",2022-05-04
73,Saudi Arabia,"754,340",+102,"9,093 ",,"742,019",+113,"3,228",52,"21,067",254,"41,921,522","1,170,756","35,807,216 ",Asia,47,"3,938",1,3,,90,2022-05-04
74,Sri Lanka,"663,426",+18,"16,506 ",+1,"646,131",+2,789,,"30,746",765,"6,486,117","300,593","21,577,770 ",Asia,33,"1,307",3,0.8,0.05,37,2022-05-04
75,Paraguay,"649,455",,"18,870 ",,"624,673",,"5,912",2,"89,051","2,587","2,623,300","359,698","7,293,072 ",South America,11,386,3,,,811,2022-05-04
76,Kuwait,"631,409",,"2,555 ",,"628,090",,764,8,"143,951",582,"8,007,805","1,825,645","4,386,287 ",Asia,7,"1,717",1,,,174,2022-05-04
77,Myanmar,"612,924",+10,"19,434 ",,"591,879",+32,"1,611",,"11,128",353,"7,978,264","144,853","55,078,189 ",Asia,90,"2,834",7,0.2,,29,2022-05-04
78,Palestine,"581,940",,"5,353 ",,"576,242",,345,17,"109,415","1,006","3,078,533","578,821","5,318,629 ",Asia,9,994,2,,,65,2022-05-04
79,Dominican Republic,"579,443",,"4,376 ",,"574,726",,341,1,"52,451",396,"3,279,736","296,883","11,047,243 ",North America,19,"2,525",3,,,31,2022-05-04
80,Estonia,"572,434",+241,"2,548 ",+9,"511,857",+818,"58,029",3,"430,995","1,918","3,329,716","2,506,995","1,328,170 ",Europe,2,521,0,181,7,"43,691",2022-05-04
81,Bahrain,"569,727",+357,"1,476 ",,"565,160",+425,"3,091",2,"314,789",816,"9,730,202","5,376,185","1,809,871 ",Asia,3,"1,226",0,197,,"1,708",2022-05-04
82,Venezuela,"522,514",,"5,709 ",,"515,728",,"1,077",230,"18,471",202,"3,359,014","118,742","28,288,320 ",South America,54,"4,955",8,,,38,2022-05-04
83,Moldova,"516,986",,"11,489 ",,"504,142",,"1,355",49,"128,706","2,860","3,216,305","800,716","4,016,785 ",Europe,8,350,1,,,337,2022-05-04
84,Egypt,"515,645",,"24,613 ",,"442,182",,"48,850",122,"4,871",232,"3,693,367","34,886","105,870,289 ",Africa,205,"4,301",29,,,461,2022-05-04
85,Libya,"501,904",,"6,430 ",,"490,973",,"4,501",101,"71,268",913,"2,477,219","351,753","7,042,492 ",Africa,14,"1,095",3,,,639,2022-05-04
86,Cyprus,"474,267",,"1,020 ",,"124,370",,"348,877",60,"387,643",834,"9,477,138","7,746,152","1,223,464 ",Asia,3,"1,199",0,,,"285,155",2022-05-04
87,Ethiopia,"470,609",+22,"7,510 ",,"455,711",+320,"7,388",9,"3,916",62,"4,796,596","39,912","120,179,267 ",Africa,255,"16,003",25,0.2,,61,2022-05-04
88,Mongolia,"469,885",,"2,179 ",,"313,256",,"154,450",192,"139,225",646,"4,030,048","1,194,084","3,375,013 ",Asia,7,"1,549",1,,,"45,763",2022-05-04
89,Honduras,"423,179",,"10,893 ",,"132,318",,"279,968",105,"41,516","1,069","1,263,329","123,938","10,193,221 ",North America,24,936,8,,,"27,466",2022-05-04
90,Armenia,"422,874",,"8,622 ",,"412,019",+16,"2,233",,"142,219","2,900","3,057,702","1,028,355","2,973,392 ",Asia,7,345,1,,,751,2022-05-04
91,Oman,"389,126",,"4,258  ",,"384,243",,625,4,"72,809",797,"25,000,000","4,677,710","5,344,495 ",Asia,14,"1,255",0,,,117,2022-05-04
92,Bosnia and Herzegovina,"377,087",,"15,765 ",,"192,218",,"169,104",,"116,262","4,861","1,758,191","542,077","3,243,433 ",Europe,9,206,2,,,"52,137",2022-05-04
93,Réunion,"374,295",,742 ,,"355,605",,"17,948",10,"412,665",818,"1,603,660","1,768,054","907,020 ",Africa,2,"1,222",1,,,"19,788",2022-05-04
94,Qatar,"364,778",+50,677 ,,"363,573",+57,528,3,"129,916",241,"3,449,841","1,228,661","2,807,805 ",Asia,8,"4,147",1,18,,188,2022-05-04
95,Kenya,"323,796",+4,"5,649 ",,"318,010",+8,137,,"5,788",101,"3,603,531","64,417","55,940,873 ",Africa,173,"9,903",16,0.07,,2,2022-05-04
96,Zambia,"319,755",,"3,976 ",,"315,266",,513,1,"16,545",206,"3,429,405","177,443","19,326,847 ",Africa,60,"4,861",6,,,27,2022-05-04
97,North Macedonia,"309,790",+21,"9,282 ",+2,"299,936",+71,572,,"148,708","4,456","2,023,422","971,297","2,083,217 ",Europe,7,224,1,10,1.0,275,2022-05-04
98,Botswana,"305,859",,"2,688 ",,"303,026",,145,1,"125,424","1,102","2,026,898","831,170","2,438,607 ",Africa,8,907,1,,,59,2022-05-04
99,Albania,"275,191",+14,"3,496 ",,"271,339",+33,356,2,"95,817","1,217","1,808,310","629,626","2,872,039 ",Europe,10,822,2,5,,124,2022-05-04
100,Algeria,"265,782",,"6,875 ",,"178,358",,"80,549",6,"5,867",152,"230,861","5,096","45,301,688 ",Africa,170,"6,589",196,,,"1,778",2022-05-04
101,Nigeria,"255,766",+13,"3,143 ",,"249,914",+3,"2,709",11,"1,187",15,"5,075,820","23,554","215,497,404 ",Africa,843,"68,564",42,0.06,,13,2022-05-04
102,Zimbabwe,"247,990",+55,"5,470 ",,"241,861",+11,659,12,"16,252",358,"2,262,474","148,268","15,259,343 ",Africa,62,"2,790",7,4,,43,2022-05-04
103,Luxembourg,"239,335","+1,479","1,064 ",,"229,617","+2,420","8,654",2,"371,272","1,651","4,232,272","6,565,367","644,636 ",Europe,3,606,0,"2,294",,"13,425",2022-05-04
104,Uzbekistan,"238,628",+1,"1,637 ",,"236,746",+10,245,23,"6,945",48,"1,377,915","40,105","34,357,931 ",Asia,144,"20,988",25,0.03,,7,2022-05-04
105,Montenegro,"235,403",+65,"2,716 ",+1,"232,032",+114,655,6,"374,719","4,323","2,455,249","3,908,313","628,212 ",Europe,3,231,0,103,2,"1,043",2022-05-04
106,Mozambique,"225,387",,"2,201 ",,"223,143",+5,43,13,"6,859",67,"1,313,881","39,985","32,859,106 ",Africa,146,"14,929",25,,,1,2022-05-04
107,Laos,"207,867",+153,745 ,+1,"7,660",,"199,462",,"27,831",100,"1,232,128","164,966","7,468,995 ",Asia,36,"10,025",6,20,0.1,"26,705",2022-05-04
108,Kyrgyzstan,"200,993",,"2,991 ",,"196,405",,"1,597",131,"29,903",445,"1,907,195","283,750","6,721,400 ",Asia,33,"2,247",4,,,238,2022-05-04
109,Iceland,"185,579",,119 ,,"75,685",,"109,775",,"537,441",345,"1,953,616","5,657,719","345,301 ",Europe,2,"2,902",0,,,"317,911",2022-05-04
110,Maldives,"179,171",,298 ,,"163,687",,"15,186",25,"321,104",534,"2,213,831","3,967,546","557,985 ",Asia,3,"1,872",0,,,"27,216",2022-05-04
111,Afghanistan,"178,901",,"7,683 ",,"161,896",,"9,322","1,124","4,414",190,"944,738","23,307","40,534,223 ",Asia,227,"5,276",43,,,230,2022-05-04
112,Taiwan,"173,942","+23,139",876 ,+5,"28,721",+929,"144,345",,"7,279",37,"14,936,942","625,087","23,895,764 ",Asia,137,"27,278",2,968,0.2,"6,041",2022-05-04
113,Uganda,"164,069",,"3,596 ",,"100,205",,"60,268",2,"3,391",74,"2,612,795","53,999","48,386,198 ",Africa,295,"13,456",19,,,"1,246",2022-05-04
114,El Salvador,"162,089",,"4,128 ",,"150,662",,"7,299",8,"24,761",631,"1,950,448","297,952","6,546,176 ",North America,40,"1,586",3,,,"1,115",2022-05-04
115,Ghana,"161,216",+12,"1,445 ",,"159,737",+25,34,1,"4,997",45,"2,438,498","75,586","32,261,084 ",Africa,200,"22,326",13,0.4,,1,2022-05-04
116,Namibia,"158,874",+63,"4,025 ",,"153,662",,"1,187",,"60,519","1,533","1,008,685","384,231","2,625,205 ",Africa,17,652,3,24,,452,2022-05-04
117,Martinique,"153,253",,926 ,,104,,"152,223",8,"408,967","2,471","828,928","2,212,056","374,732 ",North America,2,405,0,,,"406,218",2022-05-04
118,Trinidad and Tobago,"148,977",+347,"3,838 ",+5,"136,502",+335,"8,637",18,"105,823","2,726","708,941","503,584","1,407,792 ",North America,9,367,2,246,4,"6,135",2022-05-04
119,Brunei ,"141,911",,218 ,,"141,022",,671,1,"318,790",490,"717,784","1,612,436","445,155 ",Asia,3,"2,042",1,,,"1,507",2022-05-04
120,Guadeloupe,"140,130",,854 ,,"2,250",,"137,026",19,"350,107","2,134","938,039","2,343,639","400,249 ",North America,3,469,0,,,"342,352",2022-05-04
121,Cambodia,"136,257",+3,"3,056 ",,"133,144",+28,57,,"7,948",178,"2,953,579","172,292","17,142,912 ",Asia,126,"5,610",6,0.2,,3,2022-05-04
122,Jamaica,"130,388",+89,"2,969 ",+2,"83,763",+74,"43,656",,"43,683",995,"1,006,348","337,152","2,984,851 ",North America,23,"1,005",3,30,0.7,"14,626",2022-05-04
123,Rwanda,"129,815",+3,"1,459 ",,"45,522",,"82,834",,"9,587",108,"5,282,265","390,115","13,540,277 ",Africa,104,"9,281",3,0.2,,"6,118",2022-05-04
124,Cameroon,"119,780",,"1,927 ",,"117,791",,62,13,"4,315",69,"1,751,774","63,113","27,756,133 ",Africa,232,"14,404",16,,,2,2022-05-04
125,Angola,"99,194",,"1,900 ",,"97,149",,145,,"2,855",55,"1,499,795","43,174","34,738,406 ",Africa,350,"18,283",23,,,4,2022-05-04
126,Malta,"92,150",+175,702 ,+2,"87,724",+196,"3,724",4,"207,686","1,582","1,887,959","4,255,054","443,698 ",Europe,5,632,0,394,5,"8,393",2022-05-04
127,DRC,"87,023",,"1,337 ",,"50,930",,"34,756",,920,14,"846,704","8,955","94,547,534 ",Africa,"1,086","70,716",112,,,368,2022-05-04
128,Senegal,"86,007",+2,"1,966 ",,"84,020",+2,21,,"4,900",112,"1,070,854","61,010","17,552,042 ",Africa,204,"8,928",16,0.1,,1,2022-05-04
129,Malawi,"85,790",,"2,634 ",,"82,069",+3,"1,087",67,"4,282",131,"574,956","28,697","20,035,306 ",Africa,234,"7,606",35,,,54,2022-05-04
130,Ivory Coast,"81,959",+2,799 ,,"81,123",+11,37,,"2,972",29,"1,502,805","54,500","27,574,656 ",Africa,336,"34,511",18,0.07,,1,2022-05-04
131,French Guiana,"80,859",,395 ,,"11,254",,"69,210",2,"258,450","1,263","627,211","2,004,759","312,861 ",South America,4,792,0,,,"221,216",2022-05-04
132,Suriname,"79,393",+57,"1,328 ",,"49,402",+1,"28,663",,"133,151","2,227","236,066","395,909","596,263 ",South America,8,449,3,96,,"48,071",2022-05-04
133,Channel Islands,"74,642",+259,171 ,+2,"73,655",+431,816,,"422,186",967,"1,252,808","7,086,058","176,799 ",Europe,2,"1,034",0,"1,465",11,"4,615",2022-05-04
134,French Polynesia,"72,746",,648 ,,N/A,N/A,N/A,7,"256,253","2,283",,,"283,884 ",Australia/Oceania,4,438,,,,"135,964",2022-05-04
135,Barbados,"71,127",+334,399 ,+1,"67,374",+712,"3,354",,"246,952","1,385","652,229","2,264,527","288,020 ",North America,4,722,0,"1,160",3,"11,645",2022-05-04
136,Eswatini,"70,740",+62,"1,397 ",,"69,000",+31,343,11,"59,839","1,182","1,016,234","859,631","1,182,175 ",Africa,17,846,1,52,,290,2022-05-04
137,Fiji,"64,646",,862 ,,"62,791",,993,,"71,169",949,"508,091","559,357","908,348 ",Australia/Oceania,14,"1,054",2,,,"1,093",2022-05-04
138,Madagascar,"64,181",,"1,391 ",,"59,370",,"3,420",14,"2,214",48,"426,220","14,700","28,994,826 ",Africa,452,"20,845",68,,,118,2022-05-04
139,Guyana,"63,491",+7,"1,228 ",,"62,149",+6,114,1,"80,013","1,548","598,855","754,694","793,507 ",South America,12,646,1,9,,144,2022-05-04
140,Sudan,"62,117",,"4,931 ",,N/A,N/A,N/A,,"1,359",108,"562,941","12,312","45,724,527 ",Africa,736,"9,273",81,,,369,2022-05-04
141,New Caledonia,"60,749",+166,312 ,,"60,231",+129,206,9,"209,099","1,074","98,964","340,636","290,527 ",Australia/Oceania,5,931,3,571,,709,2022-05-04
142,Bhutan,"59,274",+27,21 ,,"58,623",+270,630,1,"75,300",27,"2,300,918","2,923,003","787,176 ",Asia,13,"37,485",0,34,,800,2022-05-04
143,Mauritania,"58,695",+1,982 ,,"57,696",+1,17,,"12,044",201,"804,958","165,171","4,873,495 ",Africa,83,"4,963",6,0.2,,3,2022-05-04
144,Belize,"57,535",+38,676 ,,"56,640",+36,219,6,"140,038","1,645","541,382","1,317,706","410,852 ",North America,7,608,1,92,,533,2022-05-04
145,Cabo Verde,"56,031",+3,401 ,,"55,562",+6,68,23,"98,811",707,"400,982","707,134","567,052 ",Africa,10,"1,414",1,5,,120,2022-05-04
146,Syria,"55,829",+4,"3,150 ",,"52,223",+22,456,,"3,054",172,"146,269","8,002","18,279,328 ",Asia,327,"5,803",125,0.2,,25,2022-05-04
147,Gabon,"47,602",,304 ,,"47,285",,13,,"20,501",131,"1,593,622","686,336","2,321,928 ",Africa,49,"7,638",1,,,6,2022-05-04
148,Papua New Guinea,"43,821",,650 ,,"43,133",,38,7,"4,734",70,"249,149","26,913","9,257,503 ",Australia/Oceania,211,"14,242",37,,,4,2022-05-04
149,Seychelles,"42,474",,166 ,,"41,727",,581,,"427,033","1,669",,,"99,463 ",Africa,2,599,,,,"5,841",2022-05-04
150,Curaçao,"42,241",,274 ,,"41,612",,355,3,"255,506","1,657","496,693","3,004,379","165,323 ",North America,4,603,0,,,"2,147",2022-05-04
151,Andorra,"41,349",,153 ,,"40,689",,507,14,"533,591","1,974","249,838","3,224,049","77,492 ",Europe,2,506,0,,,"6,543",2022-05-04
152,Burundi,"40,397",,38 ,,773,,"39,586",,"3,222",3,"345,742","27,573","12,539,309 ",Africa,310,"329,982",36,,,"3,157",2022-05-04
153,Mauritius,"37,691",,990 ,,"35,962",,739,,"29,547",776,"358,675","281,174","1,275,635 ",Africa,34,"1,289",4,,,579,2022-05-04
154,Mayotte,"37,363",,187 ,,"2,964",,"34,212",,"131,158",656,"176,919","621,050","284,871 ",Africa,8,"1,523",2,,,"120,096",2022-05-04
155,Togo,"36,993",+2,273 ,,"36,697",+4,23,,"4,285",32,"731,261","84,694","8,634,119 ",Africa,233,"31,627",12,0.2,,3,2022-05-04
156,Guinea,"36,459",,440 ,,"35,976",,43,8,"2,645",32,"660,107","47,885","13,785,186 ",Africa,378,"31,330",21,,,3,2022-05-04
157,Aruba,"34,846",,212 ,,"34,516",,118,3,"323,857","1,970","177,885","1,653,252","107,597 ",North America,3,508,1,,,"1,097",2022-05-04
158,Faeroe Islands,"34,658",,28 ,,"7,693",,"26,937",5,"704,388",569,"778,000","15,812,044","49,203 ",Europe,1,"1,757",0,,,"547,467",2022-05-04
159,Tanzania,"33,872",,803 ,,N/A,N/A,N/A,7,539,13,,,"62,850,116 ",Africa,"1,856","78,269",,,,523,2022-05-04
160,Bahamas,"33,601",+19,798 ,,"32,374",+6,429,,"83,975","1,994","229,817","574,357","400,129 ",North America,12,501,2,47,,"1,072",2022-05-04
161,Lesotho,"32,910",,697 ,,"24,155",,"8,058",,"15,142",321,"431,221","198,411","2,173,368 ",Africa,66,"3,118",5,,,"3,708",2022-05-04
162,Mali,"30,860",+10,732 ,,"29,973",+31,155,,"1,448",34,"667,507","31,310","21,319,011 ",Africa,691,"29,124",32,0.5,,7,2022-05-04
163,Haiti,"30,697",,835 ,,"29,522",,340,,"2,633",72,"132,422","11,360","11,657,224 ",North America,380,"13,961",88,,,29,2022-05-04
164,Isle of Man,"28,416",,87 ,,"26,794",,"1,535",,"330,965","1,013","150,753","1,755,841","85,858 ",Europe,3,987,1,,,"17,878",2022-05-04
165,Benin,"26,952",,163 ,,"25,506",,"1,283",5,"2,121",13,"604,310","47,566","12,704,765 ",Africa,471,"77,943",21,,,101,2022-05-04
166,Somalia,"26,485",,"1,350 ",,"13,182",,"11,953",,"1,585",81,"400,466","23,972","16,705,266 ",Africa,631,"12,374",42,,,716,2022-05-04
167,Congo,"24,079",,385 ,,"20,178",,"3,516",,"4,175",67,"347,815","60,313","5,766,855 ",Africa,239,"14,979",17,,,610,2022-05-04
168,Saint Lucia,"23,482",+23,368 ,,"22,921",+4,193,,"126,817","1,987","143,281","773,802","185,165 ",North America,8,503,1,124,,"1,042",2022-05-04
169,Timor-Leste,"22,875",+1,130 ,,"22,730",+7,15,,"16,765",95,"262,960","192,723","1,364,448 ",Asia,60,"10,496",5,0.7,,11,2022-05-04
170,Cayman Islands,"22,223",,27 ,,"8,553",,"13,643",1,"331,015",402,"222,773","3,318,235","67,136 ",North America,3,"2,487",0,,,"203,214",2022-05-04
171,Burkina Faso,"20,853",,382 ,,"20,439",,32,,950,17,"248,995","11,342","21,953,005 ",Africa,"1,053","57,469",88,,,1,2022-05-04
172,Nicaragua,"18,491",,225 ,,"4,225",,"14,041",,"2,732",33,,,"6,768,970 ",North America,366,"30,084",,,,"2,074",2022-05-04
173,Gibraltar,"17,837",,102 ,,"16,579",,"1,156",,"529,712","3,029","534,283","15,866,807","33,673 ",Europe,2,330,0,,,"34,330",2022-05-04
174,South Sudan,"17,487",+4,138 ,,"13,514",,"3,835",1,"1,529",12,"381,528","33,367","11,434,193 ",Africa,654,"82,856",30,0.3,,335,2022-05-04
175,Tajikistan,"17,388",,124 ,,"17,264",,0,,"1,751",12,,,"9,930,039 ",Asia,571,"80,081",,,,,2022-05-04
176,Liechtenstein,"17,214",+13,84 ,,"17,031",+15,99,1,"449,112","2,192","102,174","2,665,710","38,329 ",Europe,2,456,0,339,,"2,583",2022-05-04
177,San Marino,"16,524",+48,115 ,,"16,152",+93,257,4,"485,115","3,376","152,231","4,469,233","34,062 ",Europe,2,296,0,"1,409",,"7,545",2022-05-04
178,Equatorial Guinea,"15,908",+1,183 ,,"15,701",+3,24,5,"10,695",123,"316,462","212,764","1,487,385 ",Africa,93,"8,128",5,0.7,,16,2022-05-04
179,Solomon Islands,"15,677",,141 ,,"14,109",,"1,427",2,"21,842",196,"5,117","7,129","717,736 ",Australia/Oceania,46,"5,090",140,,,"1,988",2022-05-04
180,Djibouti,"15,631",,189 ,,"15,427",,15,,"15,410",186,"305,941","301,621","1,014,324 ",Africa,65,"5,367",3,,,15,2022-05-04
181,Grenada,"14,743",,220 ,,"14,111",,412,4,"129,919","1,939","150,740","1,328,363","113,478 ",North America,8,516,1,,,"3,631",2022-05-04
182,CAR,"14,649",,113 ,,"6,859",,"7,677",2,"2,939",23,"81,294","16,312","4,983,609 ",Africa,340,"44,103",61,,,"1,540",2022-05-04
183,Bermuda,"13,488",,131 ,,"12,981",,376,,"218,055","2,118","876,273","14,166,338","61,856 ",North America,5,472,0,,,"6,079",2022-05-04
184,Dominica,"12,161",,63 ,,"12,025",,73,,"168,169",871,"191,084","2,642,421","72,314 ",North America,6,"1,148",0,,,"1,009",2022-05-04
185,Gambia,"11,995",,365 ,,"11,591",,39,,"4,721",144,"155,686","61,269","2,541,005 ",Africa,212,"6,962",16,,,15,2022-05-04
186,Greenland,"11,971",,21 ,,"2,761",,"9,189",4,"210,202",369,"164,926","2,895,979","56,950 ",North America,5,"2,712",0,,,"161,352",2022-05-04
187,Monaco,"11,824",+23,54 ,,"11,653",+15,117,4,"297,444","1,358","54,960","1,382,572","39,752 ",Europe,3,736,1,579,,"2,943",2022-05-04
188,Yemen,"11,819",+1,"2,149 ",,"9,009",,661,23,381,69,"265,253","8,548","31,029,226 ",Asia,"2,625","14,439",117,0.03,,21,2022-05-04
189,Tonga,"10,494",+42,11 ,,"9,255",+128,"1,228",,"97,266",102,"486,186","4,506,312","107,890 ",Australia/Oceania,10,"9,808",0,389,,"11,382",2022-05-04
190,Saint Martin,"10,462",,63 ,,"1,399",,"9,000",7,"262,376","1,580","112,382","2,818,428","39,874 ",North America,4,633,0,,,"225,711",2022-05-04
191,Samoa,"10,210",+618,20 ,+1,"1,605",,"8,585",4,"50,839",100,"73,313","365,050","200,830 ",Australia/Oceania,20,"10,042",3,"3,077",5,"42,748",2022-05-04
192,Sint Maarten,"10,065",,86 ,,"9,913",,66,10,"229,963","1,965","62,056","1,417,840","43,768 ",North America,4,509,1,,,"1,508",2022-05-04
193,Caribbean Netherlands,"9,801",+72,34 ,,"9,708",+89,59,,"367,492","1,275","30,126","1,129,584","26,670 ",North America,3,784,1,"2,700",,"2,212",2022-05-04
194,Eritrea,"9,734",,103 ,,"9,631",,0,,"2,677",28,"23,693","6,516","3,636,353 ",Africa,374,"35,304",153,,,,2022-05-04
195,Niger,"8,954",+11,309 ,,"8,531",+7,114,1,347,12,"250,696","9,713","25,810,976 ",Africa,"2,883","83,531",103,0.4,,4,2022-05-04
196,Guinea-Bissau,"8,202",,171 ,,"7,528",,503,6,"3,995",83,"134,285","65,403","2,053,197 ",Africa,250,"12,007",15,,,245,2022-05-04
197,Comoros,"8,100",,160 ,,"7,933",,7,,"8,965",177,,,"903,533 ",Africa,112,"5,647",,,,8,2022-05-04
198,Sierra Leone,"7,681",,125 ,,N/A,N/A,N/A,,928,15,"259,958","31,418","8,274,144 ",Africa,"1,077","66,193",32,,,331,2022-05-04
199,Antigua and Barbuda,"7,626",,136 ,,"7,443",,47,1,"76,709","1,368","18,901","190,122","99,415 ",North America,13,731,5,,,473,2022-05-04
200,Vanuatu,"7,533",+6,13 ,,"7,023",,497,3,"23,519",41,"24,976","77,979","320,291 ",Australia/Oceania,43,"24,638",13,19,,"1,552",2022-05-04
201,Liberia,"7,434",,294 ,,"5,747",,"1,393",2,"1,409",56,"139,824","26,505","5,275,417 ",Africa,710,"17,944",38,,,264,2022-05-04
202,Chad,"7,412",,193 ,,"4,874",,"2,345",,429,11,"191,341","11,067","17,289,037 ",Africa,"2,333","89,581",90,,,136,2022-05-04
203,St. Vincent Grenadines,"6,786",,106 ,,"6,641",,39,,"60,814",950,"98,944","886,706","111,586 ",North America,16,"1,053",1,,,350,2022-05-04
204,British Virgin Islands,"6,355",,62 ,,N/A,N/A,N/A,1,"207,680","2,026","103,049","3,367,614","30,600 ",North America,5,494,0,,,"3,366",2022-05-04
205,Turks and Caicos,"5,995",+32,36 ,,"5,918",+56,41,4,"151,095",907,"497,269","12,532,928","39,677 ",North America,7,"1,102",0,807,,"1,033",2022-05-04
206,Sao Tome and Principe,"5,964",,73 ,,"5,884",,7,,"26,318",322,"29,036","128,129","226,615 ",Africa,38,"3,104",8,,,31,2022-05-04
207,Saint Kitts and Nevis,"5,566",,43 ,,"5,519",,4,,"103,286",798,"70,707","1,312,086","53,889 ",North America,10,"1,253",1,,,74,2022-05-04
208,Cook Islands,"5,200",+84,1 ,,"4,941",+78,258,,"295,572",57,"16,896","960,382","17,593 ",Australia/Oceania,3,"17,593",1,"4,775",,"14,665",2022-05-04
209,Palau,"4,690",+80,6 ,,"4,043",+59,641,1,"256,958",329,"46,722","2,559,829","18,252 ",Australia/Oceania,4,"3,042",0,"4,383",,"35,119",2022-05-04
210,St. Barth,"4,544",,6 ,,N/A,N/A,N/A,,"457,511",604,"78,646","7,918,445","9,932 ",North America,2,"1,655",0,,,"410,391",2022-05-04
211,Kiribati,"3,084",,13 ,,"2,601",,470,3,"25,113",106,,,"122,807 ",Australia/Oceania,40,"9,447",,,,"3,827",2022-05-04
212,Anguilla,"2,788",,9 ,,"2,766",,13,4,"182,844",590,"51,382","3,369,753","15,248 ",North America,5,"1,694",0,,,853,2022-05-04
213,Saint Pierre Miquelon,"2,701",,1 ,,"2,449",,251,1,"470,394",174,"23,446","4,083,246","5,742 ",North America,2,"5,742",0,,,"43,713",2022-05-04
214,Diamond Princess,712,,13 ,,699,,0,,,,,, ,,,,,,,,2022-05-04
215,Wallis and Futuna,454,,7 ,,438,,9,,"41,736",644,"20,508","1,885,273","10,878 ",Australia/Oceania,24,"1,554",1,,,827,2022-05-04
216,Montserrat,273,,2 ,,181,,90,,"54,622",400,"10,135","2,027,811","4,998 ",North America,18,"2,499",0,,,"18,007",2022-05-04
217,Falkland Islands,128,, ,,N/A,N/A,N/A,,"34,915",,"8,632","2,354,610","3,666 ",South America,29,,0,,,"1,091",2022-05-04
218,Macao,82,, ,,82,,0,,123,,"5,375","8,076","665,553 ",Asia,"8,117",,124,,,,2022-05-04
219,Vatican City,29,, ,,29,,0,,"36,025",,,,805 ,Europe,28,,,,,,2022-05-04
220,Marshall Islands,17,, ,,14,,3,,284,,,,"59,922 ",Australia/Oceania,"3,525",,,,,50,2022-05-04
221,Western Sahara,10,,1 ,,9,,0,,16,2,,,"624,238 ",Africa,"62,424","624,238",,,,,2022-05-04
222,MS Zaandam,9,,2 ,,7,,0,,,,,, ,,,,,,,,2022-05-04
223,Niue,9,, ,,7,,2,,"5,468",,,,"1,646 ",Australia/Oceania,183,,,,,"1,215",2022-05-04
224,Micronesia,7,, ,,1,,6,,60,,,,"117,232 ",Australia/Oceania,"16,747",,,,,51,2022-05-04
225,Nauru,5,, ,,3,,2,,457,,,,"10,949 ",Australia/Oceania,"2,190",,,,,183,2022-05-04
226,Saint Helena,2,, ,,2,,0,,327,,,,"6,110 ",Africa,"3,055",,,,,,2022-05-04
227,China,"217,836",+384,"5,112 ",+20,"196,458","+4,271","16,266",615,151,4,"160,000,000","111,163","1,439,323,776 ",Asia,"6,607","281,558",9,0.3,0.01,11,2022-05-04
0,USA,"83,356,490",,"1,023,513 ",,"80,836,418",,"1,496,559","1,655","249,149","3,059","1,008,201,262","3,013,472","334,564,690 ",North America,4,327,0,,,"4,473",2022-05-05
1,India,"43,091,393",,"523,975 ",,"42,547,699",,"19,719",698,"30,672",373,"838,955,577","597,163","1,404,902,630 ",Asia,33,"2,681",2,,,14,2022-05-05
2,Brazil,"30,502,501",,"663,816 ",,"29,602,372",,"236,313","8,318","141,653","3,083","63,776,166","296,176","215,332,283 ",South America,7,324,3,,,"1,097",2022-05-05
3,France,"28,805,690",,"146,376 ",,"27,301,021",,"1,358,293","1,511","439,523","2,233","269,816,888","4,116,918","65,538,567 ",Europe,2,448,0,,,"20,725",2022-05-05
4,Germany,"25,116,363",,"136,405 ",,"23,000,500","+159,200","1,979,458","1,279","298,027","1,619","122,332,384","1,451,576","84,275,579 ",Europe,3,618,1,,,"23,488",2022-05-05
5,UK,"22,090,523",,"175,546 ",,"21,395,888",,"519,089",278,"322,299","2,561","518,646,957","7,567,021","68,540,442 ",Europe,3,390,0,,,"7,573",2022-05-05
6,Russia,"18,211,178","+5,011","376,560 ",+139,"17,578,659","+8,723","255,959","2,300","124,692","2,578","273,400,000","1,871,971","146,049,292 ",Europe,8,388,1,34,1.0,"1,753",2022-05-05
7,S. Korea,"17,438,068","+42,277","23,158 ",+79,N/A,N/A,N/A,441,"339,591",451,"15,804,065","307,771","51,350,154 ",Asia,3,"2,217",3,823,2,"320,260",2022-05-05
8,Italy,"16,633,911",,"164,041 ",,"15,282,800",,"1,187,070",371,"275,859","2,720","214,930,050","3,564,424","60,298,685 ",Europe,4,368,0,,,"19,686",2022-05-05
9,Turkey,"15,037,242",,"98,808 ",,"14,934,029",,"4,405",975,"174,843","1,149","159,413,862","1,853,553","86,004,468 ",Asia,6,870,1,,,51,2022-05-05
10,Spain,"11,953,481",,"104,668 ",,"11,446,906",,"401,907",339,"255,482","2,237","471,036,328","10,067,458","46,788,010 ",Europe,4,447,0,,,"8,590",2022-05-05
11,Vietnam,"10,662,446",,"43,047 ",,"9,309,336",,"1,310,063",480,"107,760",435,"85,802,635","867,168","98,945,817 ",Asia,9,"2,299",1,,,"13,240",2022-05-05
12,Argentina,"9,083,673",,"128,653 ",,"8,895,999",,"59,021",372,"197,657","2,799","35,716,069","777,165","45,956,854 ",South America,5,357,1,,,"1,284",2022-05-05
13,Netherlands,"8,054,728",,"22,266 ",,"7,898,759",,"133,703",58,"468,177","1,294","21,107,399","1,226,857","17,204,447 ",Europe,2,773,1,,,"7,771",2022-05-05
14,Japan,"7,978,912","+26,720","29,708 ",+25,"7,597,588","+46,310","351,616",166,"63,443",236,"49,108,094","390,472","125,766,020 ",Asia,16,"4,233",3,212,0.2,"2,796",2022-05-05
15,Iran,"7,223,828",,"141,138 ",,"6,994,857",,"87,833","1,024","84,031","1,642","50,914,586","592,266","85,965,722 ",Asia,12,609,2,,,"1,022",2022-05-05
16,Australia,"6,116,320","+39,863","7,413 ",+46,"5,699,816",,"409,091",134,"234,856",285,"69,708,948","2,676,705","26,042,818 ",Australia/Oceania,4,"3,513",0,"1,531",2,"15,708",2022-05-05
17,Colombia,"6,092,667",,"139,797 ",,"5,926,476",,"26,394",342,"117,442","2,695","34,465,052","664,346","51,878,141 ",South America,9,371,2,,,509,2022-05-05
18,Indonesia,"6,047,491",,"156,321 ",,"5,884,325",,"6,845","2,771","21,689",561,"95,739,932","343,361","278,831,339 ",Asia,46,"1,784",3,,,25,2022-05-05
19,Poland,"5,997,998",,"116,070 ",,"5,334,779",,"547,149","1,125","158,801","3,073","36,120,899","956,324","37,770,548 ",Europe,6,325,1,,,"14,486",2022-05-05
20,Mexico,"5,740,080",,"324,350 ",,"5,039,624",,"376,106","4,798","43,678","2,468","15,801,675","120,239","131,418,619 ",North America,23,405,8,,,"2,862",2022-05-05
21,Ukraine,"5,002,870",,"108,411 ",,N/A,N/A,N/A,177,"115,669","2,507","19,521,252","451,341","43,251,694 ",Europe,9,399,2,,,"19,339",2022-05-05
22,Malaysia,"4,452,835",,"35,567 ",,"4,388,491",,"28,777",74,"134,417","1,074","58,863,643","1,776,911","33,126,954 ",Asia,7,931,1,,,869,2022-05-05
23,Thailand,"4,300,614","+9,790","28,917 ",+54,"4,170,419","+17,109","101,278","1,496","61,331",412,"17,270,775","246,298","70,121,394 ",Asia,16,"2,425",4,140,0.8,"1,444",2022-05-05
24,Austria,"4,161,004",,"18,200 ",,"4,070,732",,"72,072",83,"457,218","2,000","183,522,680","20,165,767","9,100,704 ",Europe,2,500,0,,,"7,919",2022-05-05
25,Israel,"4,085,418",,"10,699 ",,"4,052,605",,"22,114",150,"438,068","1,147","41,373,364","4,436,346","9,326,000 ",Asia,2,872,0,,,"2,371",2022-05-05
26,Belgium,"4,071,279",,"31,494 ",,"3,850,029","+10,351","189,756",131,"348,503","2,696","33,643,042","2,879,858","11,682,186 ",Europe,3,371,0,,,"16,243",2022-05-05
27,Czechia,"3,910,386","+1,211","40,194 ",+4,"3,857,558",+857,"12,634",24,"363,911","3,741","55,251,048","5,141,813","10,745,440 ",Europe,3,267,0,113,0.4,"1,176",2022-05-05
28,Portugal,"3,853,800",,"22,280 ",,N/A,N/A,N/A,61,"379,978","2,197","41,418,112","4,083,759","10,142,155 ",Europe,3,455,0,,,"94,195",2022-05-05
29,South Africa,"3,808,368",,"100,407 ",,"3,663,153",,"44,808",192,"62,761","1,655","24,554,412","404,648","60,680,863 ",Africa,16,604,2,,,738,2022-05-05
30,Canada,"3,771,460",,"39,481 ",,"3,470,114",,"261,865",468,"98,345","1,030","61,084,458","1,592,839","38,349,433 ",North America,10,971,1,,,"6,828",2022-05-05
31,Philippines,"3,686,375",,"60,439  ",,"3,621,244",,"4,692",289,"32,839",538,"29,637,969","264,018","112,257,415 ",Asia,30,"1,857",4,,,42,2022-05-05
32,Switzerland,"3,619,035",,"13,865 ",,"3,492,051","+2,700","113,119",69,"412,624","1,581","20,851,897","2,377,430","8,770,773 ",Europe,2,633,0,,,"12,897",2022-05-05
33,Peru,"3,567,863",,"212,891 ",,N/A,N/A,N/A,295,"105,512","6,296","29,946,934","885,620","33,814,658 ",South America,9,159,1,,,"48,331",2022-05-05
34,Chile,"3,566,183",,"57,580 ",,"3,432,333",,"76,270",197,"183,660","2,965","37,153,233","1,913,405","19,417,334 ",South America,5,337,1,,,"3,928",2022-05-05
35,Greece,"3,343,565",,"29,284 ",,"3,237,163",,"77,118",231,"323,687","2,835","80,206,153","7,764,662","10,329,639 ",Europe,3,353,0,,,"7,466",2022-05-05
36,Denmark,"2,969,194",,"6,207 ",,"2,948,221",,"14,766",8,"509,328","1,065","127,255,034","21,828,992","5,829,634 ",Europe,2,939,0,,,"2,533",2022-05-05
37,Romania,"2,896,843",,"65,519 ",,"2,606,660",,"224,664",179,"152,447","3,448","22,771,264","1,198,346","19,002,238 ",Europe,7,290,1,,,"11,823",2022-05-05
38,Sweden,"2,500,917",,"18,739 ",,"2,471,418",+206,"10,760",21,"244,832","1,834","18,513,445","1,812,408","10,214,832 ",Europe,4,545,1,,,"1,053",2022-05-05
39,Iraq,"2,325,352",,"25,212 ",,"2,298,571",,"1,569",14,"55,526",602,"18,487,755","441,464","41,878,259 ",Asia,18,"1,661",2,,,37,2022-05-05
40,Serbia,"2,008,143",,"16,013 ",,"1,978,619",,"13,511",21,"231,545","1,846","9,513,479","1,096,933","8,672,795 ",Europe,4,542,1,,,"1,558",2022-05-05
41,Bangladesh,"1,952,743",,"29,127 ",,"1,896,531",,"27,085","1,297","11,644",174,"13,998,925","83,476","167,700,367 ",Asia,86,"5,758",12,,,162,2022-05-05
42,Hungary,"1,903,200",,"46,266 ",,"1,808,061",,"48,873",40,"197,934","4,812","11,355,462","1,180,973","9,615,341 ",Europe,5,208,1,,,"5,083",2022-05-05
43,Slovakia,"1,783,906",+553,"19,952 ",+9,"1,750,517","+2,410","13,437",50,"326,454","3,651","7,107,056","1,300,588","5,464,495 ",Europe,3,274,1,101,2,"2,459",2022-05-05
44,Jordan,"1,694,216",,"14,048 ",,"1,678,941",,"1,227",124,"163,078","1,352","16,670,254","1,604,604","10,389,014 ",Asia,6,740,1,,,118,2022-05-05
45,Georgia,"1,655,221",,"16,811 ",,"1,637,293",,"1,117",,"416,396","4,229","16,920,079","4,256,499","3,975,116 ",Asia,2,236,0,,,281,2022-05-05
46,Pakistan,"1,528,624",+21,"30,372 ",,"1,494,141",,"4,111",107,"6,682",133,"28,215,463","123,340","228,761,407 ",Asia,150,"7,532",8,0.09,,18,2022-05-05
47,Ireland,"1,520,327",,"7,103 ",,"1,467,271",,"45,953",39,"301,712","1,410","12,088,609","2,399,008","5,039,003 ",Europe,3,709,0,,,"9,119",2022-05-05
48,Norway,"1,427,148",,"3,006 ",,N/A,N/A,N/A,20,"259,527",547,"11,002,430","2,000,793","5,499,035 ",Europe,4,"1,829",0,,,"242,804",2022-05-05
49,Kazakhstan,"1,305,566",+9,"13,660 ",,"1,291,187",+60,719,24,"68,038",712,"11,575,012","603,215","19,188,852 ",Asia,15,"1,405",2,0.5,,37,2022-05-05
50,Hong Kong,"1,205,396",,"9,328 ",,N/A,N/A,N/A,5,"158,425","1,226","44,972,952","5,910,805","7,608,600 ",Asia,6,816,0,,,"155,460",2022-05-05
51,Singapore,"1,204,184",,"1,340 ",,"1,142,342",,"60,502",6,"202,903",226,"23,767,171","4,004,727","5,934,779 ",Asia,5,"4,429",0,,,"10,194",2022-05-05
52,Morocco,"1,165,026",,"16,069 ",,"1,148,661",,296,293,"30,892",426,"11,237,010","297,958","37,713,387 ",Africa,32,"2,347",3,,,8,2022-05-05
53,Bulgaria,"1,158,354",,"36,953 ",,"986,992",,"134,409",82,"169,042","5,393","9,871,453","1,440,566","6,852,481 ",Europe,6,185,1,,,"19,615",2022-05-05
54,Croatia,"1,124,762",,"15,856 ",,"1,103,572",,"5,334",17,"277,116","3,907","4,799,675","1,182,530","4,058,818 ",Europe,4,256,1,,,"1,314",2022-05-05
55,Cuba,"1,103,488",,"8,527 ",,"1,094,267",,694,23,"97,534",754,"12,920,253","1,141,977","11,313,930 ",North America,10,"1,327",1,,,61,2022-05-05
56,Lebanon,"1,097,118",,"10,392 ",,"1,081,770",,"4,956",186,"162,071","1,535","4,795,578","708,424","6,769,363 ",Asia,6,651,1,,,732,2022-05-05
57,Lithuania,"1,059,185",+186,"9,111 ",+1,"1,027,730",+895,"22,344",20,"399,298","3,435","8,260,224","3,113,989","2,652,618 ",Europe,3,291,0,70,0.4,"8,423",2022-05-05
58,Tunisia,"1,040,712",,"28,566 ",,N/A,N/A,N/A,29,"86,398","2,371","4,584,296","380,580","12,045,560 ",Africa,12,422,3,,,"-1,212.90",2022-05-05
59,Finland,"1,023,013",,"3,939 ",,"46,000",,"973,074",24,"184,111",709,"10,720,282","1,929,318","5,556,515 ",Europe,5,"1,411",1,,,"175,123",2022-05-05
60,Slovenia,"1,012,915",,"6,602 ",,"993,932",,"12,381",23,"487,104","3,175","2,648,772","1,273,778","2,079,462 ",Europe,2,315,1,,,"5,954",2022-05-05
61,Belarus,"981,070",,"6,958 ",,"928,536",,"45,576",,"103,887",737,"13,177,291","1,395,365","9,443,619 ",Europe,10,"1,357",1,,,"4,826",2022-05-05
62,Nepal,"978,884",,"11,951 ",,"966,715",,218,,"32,523",397,"5,646,021","187,586","30,098,312 ",Asia,31,"2,518",5,,,7,2022-05-05
63,New Zealand,"969,959","+8,697",774 ,+21,"914,741","+9,096","54,444",,"193,910",155,"7,095,449","1,418,494","5,002,100 ",Australia/Oceania,5,"6,463",1,"1,739",4,"10,884",2022-05-05
64,Bolivia,"905,150",,"21,923 ",,"859,723",,"23,504",220,"75,649","1,832","2,700,878","225,728","11,965,203 ",South America,13,546,4,,,"1,964",2022-05-05
65,UAE,"899,441",,"2,302 ",,"883,160",,"13,979",,"88,968",228,"156,581,508","15,488,266","10,109,686 ",Asia,11,"4,392",0,,,"1,383",2022-05-05
66,Uruguay,"895,775",,"7,197 ",,"886,654",,"1,924",18,"256,242","2,059","6,091,188","1,742,419","3,495,823 ",South America,4,486,1,,,550,2022-05-05
67,Ecuador,"869,956",,"35,598 ",,N/A,N/A,N/A,759,"47,972","1,963","2,470,170","136,213","18,134,638 ",South America,21,509,7,,,"21,532",2022-05-05
68,Costa Rica,"857,290",,"8,421 ",,"836,721",,"12,148",42,"165,517","1,626","4,291,131","828,486","5,179,483 ",North America,6,615,1,,,"2,345",2022-05-05
69,Guatemala,"847,491",,"17,636 ",,"827,705",,"2,150",5,"45,752",952,"4,477,695","241,729","18,523,603 ",North America,22,"1,050",4,,,116,2022-05-05
70,Latvia,"823,110",,"5,777 ",,"809,733",,"7,600",8,"445,419","3,126","7,186,387","3,888,855","1,847,944 ",Europe,2,320,0,,,"4,113",2022-05-05
71,Azerbaijan,"792,585",,"9,709 ",,"782,804",,72,,"76,899",942,"6,820,672","661,759","10,306,888 ",Asia,13,"1,062",2,,,7,2022-05-05
72,Panama,"780,148",,"8,189 ",,"764,020",,"7,939",8,"175,733","1,845","5,897,952","1,328,548","4,439,396 ",North America,6,542,1,,,"1,788",2022-05-05
73,Saudi Arabia,"754,464",,"9,094 ",,"742,127",,"3,243",50,"21,069",254,"41,930,549","1,170,960","35,808,699 ",Asia,47,"3,938",1,,,91,2022-05-05
74,Sri Lanka,"663,469",,"16,507 ",,"646,134",,828,,"30,747",765,"6,486,117","300,589","21,578,015 ",Asia,33,"1,307",3,,,38,2022-05-05
75,Paraguay,"649,455",,"18,870 ",,"624,673",,"5,912",2,"89,048","2,587","2,623,300","359,686","7,293,312 ",South America,11,387,3,,,811,2022-05-05
76,Kuwait,"631,409",,"2,555 ",,"628,090",,764,8,"143,945",582,"8,007,805","1,825,573","4,386,460 ",Asia,7,"1,717",1,,,174,2022-05-05
77,Myanmar,"612,951",,"19,434 ",,"591,894",,"1,623",,"11,129",353,"7,989,608","145,057","55,079,184 ",Asia,90,"2,834",7,,,29,2022-05-05
78,Palestine,"581,940",,"5,353 ",,"576,242",,345,17,"109,409","1,006","3,078,533","578,785","5,318,954 ",Asia,9,994,2,,,65,2022-05-05
79,Dominican Republic,"579,572",,"4,376 ",,"574,824",,372,1,"52,462",396,"3,283,648","297,229","11,047,540 ",North America,19,"2,525",3,,,34,2022-05-05
80,Estonia,"572,434",,"2,548 ",,"511,857",,"58,029",3,"430,994","1,918","3,329,716","2,506,992","1,328,172 ",Europe,2,521,0,,,"43,691",2022-05-05
81,Bahrain,"570,103",,"1,476 ",,"565,516",,"3,111",2,"314,968",815,"9,733,630","5,377,598","1,810,033 ",Asia,3,"1,226",0,,,"1,719",2022-05-05
82,Venezuela,"522,564",,"5,709 ",,"515,819",,"1,036",230,"18,473",202,"3,359,014","118,743","28,288,101 ",South America,54,"4,955",8,,,37,2022-05-05
83,Moldova,"516,986",,"11,489 ",,"504,142",,"1,355",49,"128,707","2,860","3,216,305","800,721","4,016,759 ",Europe,8,350,1,,,337,2022-05-05
84,Egypt,"515,645",,"24,613 ",,"442,182",,"48,850",122,"4,870",232,"3,693,367","34,884","105,875,571 ",Africa,205,"4,302",29,,,461,2022-05-05
85,Libya,"501,904",,"6,430 ",,"490,973",,"4,501",101,"71,265",913,"2,477,219","351,740","7,042,747 ",Africa,14,"1,095",3,,,639,2022-05-05
86,Cyprus,"474,267",,"1,020 ",,"124,370",,"348,877",60,"387,635",834,"9,477,138","7,746,000","1,223,488 ",Asia,3,"1,199",0,,,"285,150",2022-05-05
87,Ethiopia,"470,647",,"7,510 ",,"455,716",,"7,421",5,"3,916",62,"4,800,646","39,943","120,187,071 ",Africa,255,"16,004",25,,,62,2022-05-05
88,Mongolia,"469,885",,"2,179 ",,"313,256",,"154,450",192,"139,219",646,"4,030,048","1,194,033","3,375,157 ",Asia,7,"1,549",1,,,"45,761",2022-05-05
89,Honduras,"423,794",,"10,895 ",,"132,358",,"280,541",105,"41,574","1,069","1,358,559","133,275","10,193,652 ",North America,24,936,8,,,"27,521",2022-05-05
90,Armenia,"422,877",,"8,622 ",,"412,026",,"2,229",,"142,220","2,900","3,059,332","1,028,898","2,973,407 ",Asia,7,345,1,,,750,2022-05-05
91,Oman,"389,126",,"4,258 ",,"384,243",,625,4,"72,804",797,"25,000,000","4,677,399","5,344,851 ",Asia,14,"1,255",0,,,117,2022-05-05
92,Bosnia and Herzegovina,"377,087",,"15,765 ",,"192,218",,"169,104",,"116,264","4,861","1,758,191","542,087","3,243,377 ",Europe,9,206,2,,,"52,138",2022-05-05
93,Réunion,"374,295",,742 ,,"355,605",,"17,948",10,"412,656",818,"1,603,660","1,768,019","907,038 ",Africa,2,"1,222",1,,,"19,787",2022-05-05
94,Qatar,"364,826",,677 ,,"363,645",,504,3,"129,933",241,"3,452,650","1,229,662","2,807,805 ",Asia,8,"4,147",1,,,179,2022-05-05
95,Kenya,"323,806",,"5,649 ",,"318,034",,123,,"5,788",101,"3,605,860","64,455","55,944,116 ",Africa,173,"9,903",16,,,2,2022-05-05
96,Zambia,"319,755",,"3,976 ",,"315,266",,513,1,"16,543",206,"3,429,405","177,430","19,328,259 ",Africa,60,"4,861",6,,,27,2022-05-05
97,North Macedonia,"309,925",,"9,283 ",,"300,021",,621,,"148,772","4,456","2,025,083","972,094","2,083,217 ",Europe,7,224,1,,,298,2022-05-05
98,Botswana,"305,859",,"2,688 ",,"303,026",,145,1,"125,417","1,102","2,026,898","831,126","2,438,737 ",Africa,8,907,1,,,59,2022-05-05
99,Albania,"275,211",,"3,496 ",,"271,424",,291,2,"95,825","1,217","1,808,952","629,851","2,872,031 ",Europe,10,822,2,,,101,2022-05-05
100,Algeria,"265,782",,"6,875 ",,"178,358",,"80,549",6,"5,867",152,"230,861","5,096","45,303,854 ",Africa,170,"6,590",196,,,"1,778",2022-05-05
101,Nigeria,"255,766",,"3,143  ",,"249,914",,"2,709",11,"1,187",15,"5,075,820","23,552","215,511,406 ",Africa,843,"68,569",42,,,13,2022-05-05
102,Zimbabwe,"248,050",,"5,471 ",,"241,899",,680,12,"16,255",359,"2,264,510","148,396","15,259,935 ",Africa,62,"2,789",7,,,45,2022-05-05
103,Luxembourg,"240,132",,"1,068 ",,"229,649",,"9,415",1,"372,492","1,657","4,234,646","6,568,765","644,664 ",Europe,3,604,0,,,"14,605",2022-05-05
104,Uzbekistan,"238,651",+15,"1,637 ",,"236,777",+12,237,23,"6,946",48,"1,377,915","40,103","34,359,257 ",Asia,144,"20,989",25,0.4,,7,2022-05-05
105,Montenegro,"235,484",,"2,716 ",,"232,117",,651,6,"374,848","4,323","2,456,137","3,909,726","628,212 ",Europe,3,231,0,,,"1,036",2022-05-05
106,Taiwan,"232,402","+30,106",886 ,+5,"30,973","+1,276","200,543",,"9,726",37,"15,072,064","630,739","23,895,881 ",Asia,103,"26,971",2,"1,260",0.2,"8,392",2022-05-05
107,Mozambique,"225,400",,"2,201 ",,"223,155",,44,13,"6,859",67,"1,314,422","39,999","32,861,508 ",Africa,146,"14,930",25,,,1,2022-05-05
108,Laos,"208,111",,745 ,,"7,660",,"199,706",,"27,862",100,"1,232,128","164,959","7,469,284 ",Asia,36,"10,026",6,,,"26,737",2022-05-05
109,Kyrgyzstan,"200,993",,"2,991 ",,"196,406",,"1,596",131,"29,902",445,"1,907,195","283,737","6,721,694 ",Asia,33,"2,247",4,,,237,2022-05-05
110,Iceland,"185,795",,119 ,,"75,685",,"109,991",,"538,057",345,"2,264,004","6,556,496","345,307 ",Europe,2,"2,902",0,,,"318,531",2022-05-05
111,Maldives,"179,171",,298 ,,"163,687",,"15,186",25,"321,088",534,"2,213,831","3,967,354","558,012 ",Asia,3,"1,873",0,,,"27,214",2022-05-05
112,Afghanistan,"178,901",,"7,683 ",,"161,896",,"9,322","1,124","4,413",190,"944,738","23,306","40,536,624 ",Asia,227,"5,276",43,,,230,2022-05-05
113,Uganda,"164,069",,"3,596 ",,"100,205",,"60,268",2,"3,391",74,"2,612,795","53,994","48,390,164 ",Africa,295,"13,457",19,,,"1,245",2022-05-05
114,El Salvador,"162,089",,"4,128 ",,"150,662",,"7,299",8,"24,761",631,"1,950,448","297,948","6,546,266 ",North America,40,"1,586",3,,,"1,115",2022-05-05
115,Ghana,"161,216",,"1,445 ",,"159,737",,34,1,"4,997",45,"2,438,498","75,582","32,262,860 ",Africa,200,"22,327",13,,,1,2022-05-05
116,Namibia,"158,940",,"4,025 ",,"153,662",,"1,253",,"60,541","1,533","1,009,474","384,513","2,625,331 ",Africa,17,652,3,,,477,2022-05-05
117,Martinique,"153,253",,926 ,,104,,"152,223",8,"408,968","2,471","828,928","2,212,061","374,731 ",North America,2,405,0,,,"406,219",2022-05-05
118,Trinidad and Tobago,"149,532",,"3,843 ",,"137,013",,"8,676",18,"106,216","2,730","712,717","506,261","1,407,805 ",North America,9,366,2,,,"6,163",2022-05-05
119,Brunei ,"142,166",,218 ,,"141,408",,540,4,"319,355",490,"717,784","1,612,396","445,166 ",Asia,3,"2,042",1,,,"1,213",2022-05-05
120,Guadeloupe,"140,130",,854 ,,"2,250",,"137,026",19,"350,106","2,134","938,039","2,343,633","400,250 ",North America,3,469,0,,,"342,351",2022-05-05
121,Cambodia,"136,258",,"3,056 ",,"133,156",,46,,"7,948",178,"2,954,445","172,336","17,143,544 ",Asia,126,"5,610",6,,,3,2022-05-05
122,Jamaica,"130,473",,"2,970 ",,"83,874",,"43,629",,"43,711",995,"1,008,811","337,973","2,984,886 ",North America,23,"1,005",3,,,"14,617",2022-05-05
123,Rwanda,"129,819",,"1,459 ",,"45,522",,"82,838",,"9,587",108,"5,285,642","390,339","13,541,157 ",Africa,104,"9,281",3,,,"6,117",2022-05-05
124,Cameroon,"119,780",,"1,927 ",,"117,791",,62,13,"4,315",69,"1,751,774","63,109","27,757,944 ",Africa,232,"14,405",16,,,2,2022-05-05
125,Angola,"99,194",,"1,900 ",,"97,149",,145,,"2,855",55,"1,499,795","43,170","34,741,212 ",Africa,350,"18,285",23,,,4,2022-05-05
126,Malta,"92,308",,703 ,,"87,926",,"3,679",4,"208,041","1,584","1,889,711","4,258,974","443,701 ",Europe,5,631,0,,,"8,292",2022-05-05
127,DRC,"87,023",,"1,337 ",,"50,930",,"34,756",,920,14,"846,704","8,955","94,555,007 ",Africa,"1,087","70,722",112,,,368,2022-05-05
128,Senegal,"86,010",,"1,966 ",,"84,025",,19,,"4,900",112,"1,071,480","61,042","17,553,251 ",Africa,204,"8,928",16,,,1,2022-05-05
129,Malawi,"85,795",,"2,634 ",,"82,069",,"1,092",67,"4,282",131,"575,161","28,705","20,036,661 ",Africa,234,"7,607",35,,,55,2022-05-05
130,Ivory Coast,"81,967",,799 ,,"81,132",,36,,"2,972",29,"1,503,708","54,529","27,576,446 ",Africa,336,"34,514",18,,,1,2022-05-05
131,French Guiana,"80,859",,395 ,,"11,254",,"69,210",2,"258,433","1,262","627,211","2,004,625","312,882 ",South America,4,792,0,,,"221,202",2022-05-05
132,Suriname,"79,393",,"1,328 ",,"49,402",,"28,663",,"133,148","2,227","236,066","395,899","596,278 ",South America,8,449,3,,,"48,070",2022-05-05
133,Channel Islands,"74,642",,171 ,,"73,655",,816,,"422,174",967,"1,252,808","7,085,858","176,804 ",Europe,2,"1,034",0,,,"4,615",2022-05-05
134,French Polynesia,"72,765",,648 ,,N/A,N/A,N/A,7,"256,316","2,283",,,"283,888 ",Australia/Oceania,4,438,,,,"136,029",2022-05-05
135,Barbados,"71,127",,399 ,,"67,374",,"3,354",,"246,951","1,385","652,229","2,264,519","288,021 ",North America,4,722,0,,,"11,645",2022-05-05
136,Eswatini,"70,833",,"1,398 ",,"69,010",,425,11,"59,916","1,183","1,016,801","860,086","1,182,208 ",Africa,17,846,1,,,359,2022-05-05
137,Fiji,"64,646",,862 ,,"62,791",,993,,"71,167",949,"508,091","559,346","908,366 ",Australia/Oceania,14,"1,054",2,,,"1,093",2022-05-05
138,Madagascar,"64,181",,"1,391 ",,"59,370",,"3,420",14,"2,213",48,"426,220","14,699","28,996,777 ",Africa,452,"20,846",68,,,118,2022-05-05
139,Guyana,"63,518",,"1,228 ",,"62,200",,90,1,"80,046","1,548","600,940","757,312","793,517 ",South America,12,646,1,,,113,2022-05-05
140,Sudan,"62,135",,"4,933 ",,N/A,N/A,N/A,,"1,359",108,"562,941","12,311","45,727,331 ",Africa,736,"9,270",81,,,369,2022-05-05
141,New Caledonia,"60,749",,312 ,,"60,231",,206,9,"209,094","1,074","98,964","340,627","290,535 ",Australia/Oceania,5,931,3,,,709,2022-05-05
142,Bhutan,"59,422",+64,21 ,,"59,033",+177,368,2,"75,485",27,"2,301,767","2,923,993","787,200 ",Asia,13,"37,486",0,81,,467,2022-05-05
143,Mauritania,"58,699",,982 ,,"57,700",,17,,"12,044",201,"805,551","165,281","4,873,830 ",Africa,83,"4,963",6,,,3,2022-05-05
144,Belize,"57,561",,676 ,,"56,654",,231,6,"140,095","1,645","542,191","1,319,610","410,872 ",North America,7,608,1,,,562,2022-05-05
145,Cabo Verde,"56,036",,401 ,,"55,564",,71,23,"98,817",707,"400,982","707,113","567,069 ",Africa,10,"1,414",1,,,125,2022-05-05
146,Syria,"55,833",,"3,150 ",,"52,243",,440,,"3,054",172,"146,269","8,001","18,280,493 ",Asia,327,"5,803",125,,,24,2022-05-05
147,Gabon,"47,602",,304 ,,"47,285",,13,,"20,500",131,"1,593,622","686,293","2,322,072 ",Africa,49,"7,638",1,,,6,2022-05-05
148,Papua New Guinea,"43,821",,650 ,,"43,133",,38,7,"4,733",70,"249,149","26,912","9,257,967 ",Australia/Oceania,211,"14,243",37,,,4,2022-05-05
149,Seychelles,"42,474",,166 ,,"41,727",,581,,"427,029","1,669",,,"99,464 ",Africa,2,599,,,,"5,841",2022-05-05
150,Curaçao,"42,241",,274 ,,"41,612",,355,3,"255,504","1,657","496,693","3,004,361","165,324 ",North America,4,603,0,,,"2,147",2022-05-05
151,Andorra,"41,717",,153 ,,"41,021",,543,14,"538,339","1,974","249,838","3,224,049","77,492 ",Europe,2,506,0,,,"7,007",2022-05-05
152,Burundi,"40,552",,38 ,,773,,"39,741",,"3,234",3,"345,742","27,571","12,540,281 ",Africa,309,"330,007",36,,,"3,169",2022-05-05
153,Mauritius,"37,714",,990 ,,"36,009",,715,,"29,565",776,"358,675","281,172","1,275,641 ",Africa,34,"1,289",4,,,561,2022-05-05
154,Mayotte,"37,363",,187 ,,"2,964",,"34,212",,"131,149",656,"176,919","621,010","284,889 ",Africa,8,"1,523",2,,,"120,089",2022-05-05
155,Togo,"36,995",,273 ,,"36,702",,20,,"4,284",32,"731,516","84,719","8,634,650 ",Africa,233,"31,629",12,,,2,2022-05-05
156,Guinea,"36,459",,440 ,,"35,976",,43,8,"2,645",32,"660,107","47,882","13,786,163 ",Africa,378,"31,332",21,,,3,2022-05-05
157,Aruba,"34,846",,212 ,,"34,516",,118,3,"323,854","1,970","177,885","1,653,237","107,598 ",North America,3,508,1,,,"1,097",2022-05-05
158,Faeroe Islands,"34,658",,28 ,,"7,693",,"26,937",5,"704,374",569,"778,000","15,811,723","49,204 ",Europe,1,"1,757",0,,,"547,455",2022-05-05
159,Tanzania,"33,872",,803 ,,N/A,N/A,N/A,7,539,13,,,"62,854,783 ",Africa,"1,856","78,275",,,,523,2022-05-05
160,Bahamas,"33,626",,798 ,,"32,384",,444,,"84,036","1,994","229,817","574,341","400,140 ",North America,12,501,2,,,"1,110",2022-05-05
161,Lesotho,"32,910",,697 ,,"24,155",,"8,058",,"15,142",321,"431,221","198,407","2,173,414 ",Africa,66,"3,118",5,,,"3,708",2022-05-05
162,Mali,"30,874",,732 ,,"29,978",,164,,"1,448",34,"668,249","31,343","21,320,611 ",Africa,691,"29,127",32,,,8,2022-05-05
163,Haiti,"30,703",,835 ,,"29,555",,313,,"2,634",72,"132,422","11,359","11,657,604 ",North America,380,"13,961",88,,,27,2022-05-05
164,Isle of Man,"28,416",,87 ,,"26,794",,"1,535",,"330,961","1,013","150,753","1,755,821","85,859 ",Europe,3,987,1,,,"17,878",2022-05-05
165,Benin,"26,952",,163 ,,"25,506",,"1,283",5,"2,121",13,"604,310","47,562","12,705,635 ",Africa,471,"77,949",21,,,101,2022-05-05
166,Somalia,"26,485",,"1,350 ",,"13,182",,"11,953",,"1,585",81,"400,466","23,971","16,706,482 ",Africa,631,"12,375",42,,,715,2022-05-05
167,Congo,"24,079",,385 ,,"20,178",,"3,516",,"4,175",67,"347,815","60,309","5,767,227 ",Africa,240,"14,980",17,,,610,2022-05-05
168,Saint Lucia,"23,538",,368 ,,"22,953",,217,,"127,118","1,987","143,281","773,793","185,167 ",North America,8,503,1,,,"1,172",2022-05-05
169,Timor-Leste,"22,879",,130 ,,"22,730",,19,,"16,767",95,"263,136","192,842","1,364,516 ",Asia,60,"10,496",5,,,14,2022-05-05
170,Cayman Islands,"22,828",,27 ,,"8,553",,"14,248",1,"340,016",402,"222,773","3,318,136","67,138 ",North America,3,"2,487",0,,,"212,220",2022-05-05
171,Burkina Faso,"20,853",,382 ,,"20,439",,32,,950,17,"248,995","11,341","21,954,577 ",Africa,"1,053","57,473",88,,,1,2022-05-05
172,Nicaragua,"18,491",,225 ,,"4,225",,"14,041",,"2,732",33,,,"6,769,185 ",North America,366,"30,085",,,,"2,074",2022-05-05
173,Gibraltar,"17,837",,102 ,,"16,579",,"1,156",,"529,712","3,029","534,283","15,866,807","33,673 ",Europe,2,330,0,,,"34,330",2022-05-05
174,South Sudan,"17,490",,138 ,,"13,514",,"3,838",1,"1,530",12,"385,179","33,686","11,434,551 ",Africa,654,"82,859",30,,,336,2022-05-05
175,Tajikistan,"17,388",,124 ,,"17,264",,0,,"1,751",12,,,"9,930,626 ",Asia,571,"80,086",,,,,2022-05-05
176,Liechtenstein,"17,225",,84 ,,"17,058",,83,,"449,399","2,192","102,174","2,665,710","38,329 ",Europe,2,456,0,,,"2,165",2022-05-05
177,San Marino,"16,561",,115 ,,"16,175",,271,4,"486,202","3,376","152,231","4,469,233","34,062 ",Europe,2,296,0,,,"7,956",2022-05-05
178,Equatorial Guinea,"15,908",,183 ,,"15,701",,24,5,"10,694",123,"316,462","212,746","1,487,512 ",Africa,94,"8,128",5,,,16,2022-05-05
179,Solomon Islands,"15,677",,141 ,,"14,109",,"1,427",2,"21,841",196,"5,117","7,129","717,782 ",Australia/Oceania,46,"5,091",140,,,"1,988",2022-05-05
180,Djibouti,"15,631",,189 ,,"15,427",,15,,"15,410",186,"305,941","301,609","1,014,364 ",Africa,65,"5,367",3,,,15,2022-05-05
181,Grenada,"14,984",,220 ,,"14,229",,535,4,"132,041","1,939","151,734","1,337,099","113,480 ",North America,8,516,1,,,"4,714",2022-05-05
182,CAR,"14,649",,113 ,,"6,859",,"7,677",2,"2,939",23,"81,294","16,312","4,983,839 ",Africa,340,"44,105",61,,,"1,540",2022-05-05
183,Bermuda,"13,832",,131 ,,"13,289",,412,,"223,616","2,118","885,175","14,310,253","61,856 ",North America,4,472,0,,,"6,661",2022-05-05
184,Dominica,"12,161",,63 ,,"12,025",,73,,"168,169",871,"191,084","2,642,421","72,314 ",North America,6,"1,148",0,,,"1,009",2022-05-05
185,Gambia,"11,995",,365 ,,"11,591",,39,,"4,720",144,"155,686","61,265","2,541,191 ",Africa,212,"6,962",16,,,15,2022-05-05
186,Greenland,"11,971",,21 ,,"2,761",,"9,189",4,"210,198",369,"164,926","2,895,928","56,951 ",North America,5,"2,712",0,,,"161,349",2022-05-05
187,Monaco,"11,869",,54 ,,"11,672",,143,4,"298,569","1,358","54,960","1,382,537","39,753 ",Europe,3,736,1,,,"3,597",2022-05-05
188,Yemen,"11,819",,"2,149 ",,"9,009",,661,23,381,69,"265,253","8,548","31,031,025 ",Asia,"2,626","14,440",117,,,21,2022-05-05
189,Tonga,"10,494",,11 ,,"9,255",,"1,228",,"97,263",102,"486,186","4,506,187","107,893 ",Australia/Oceania,10,"9,808",0,,,"11,382",2022-05-05
190,Saint Martin,"10,462",,63  ,,"1,399",,"9,000",7,"262,363","1,580","112,382","2,818,287","39,876 ",North America,4,633,0,,,"225,700",2022-05-05
191,Samoa,"10,210",,20 ,,"1,605",,"8,585",4,"50,838",100,"73,313","365,043","200,834 ",Australia/Oceania,20,"10,042",3,,,"42,747",2022-05-05
192,Sint Maarten,"10,065",,86 ,,"9,913",,66,10,"229,957","1,965","62,056","1,417,807","43,769 ",North America,4,509,1,,,"1,508",2022-05-05
193,Caribbean Netherlands,"9,804",,34 ,,"9,714",,56,,"367,604","1,275","30,126","1,129,584","26,670 ",North America,3,784,1,,,"2,100",2022-05-05
194,Eritrea,"9,735",,103 ,,"9,631",,1,,"2,677",28,"23,693","6,515","3,636,487 ",Africa,374,"35,306",153,,,0.3,2022-05-05
195,Niger,"8,957",,309 ,,"8,550",,98,1,347,12,"250,880","9,719","25,813,384 ",Africa,"2,882","83,538",103,,,4,2022-05-05
196,Guinea-Bissau,"8,210",,171 ,,"7,530",,509,6,"3,998",83,"134,817","65,658","2,053,324 ",Africa,250,"12,008",15,,,248,2022-05-05
197,Comoros,"8,100",,160 ,,"7,933",,7,,"8,964",177,,,"903,584 ",Africa,112,"5,647",,,,8,2022-05-05
198,Sierra Leone,"7,681",,125 ,,N/A,N/A,N/A,,928,15,"259,958","31,416","8,274,588 ",Africa,"1,077","66,197",32,,,331,2022-05-05
199,Antigua and Barbuda,"7,654",,137 ,,"7,464",,53,1,"76,989","1,378","18,901","190,118","99,417 ",North America,13,726,5,,,533,2022-05-05
200,Vanuatu,"7,622",,14 ,,"7,137",,471,3,"23,796",44,"24,976","77,974","320,311 ",Australia/Oceania,42,"22,879",13,,,"1,470",2022-05-05
201,Liberia,"7,434",,294 ,,"5,747",,"1,393",2,"1,409",56,"139,824","26,503","5,275,742 ",Africa,710,"17,945",38,,,264,2022-05-05
202,Chad,"7,412",,193 ,,"4,874",,"2,345",,429,11,"191,341","11,066","17,290,330 ",Africa,"2,333","89,587",90,,,136,2022-05-05
203,St. Vincent Grenadines,"6,786",,106 ,,"6,641",,39,,"60,814",950,"98,944","886,698","111,587 ",North America,16,"1,053",1,,,350,2022-05-05
204,British Virgin Islands,"6,355",,62 ,,N/A,N/A,N/A,1,"207,680","2,026","103,049","3,367,614","30,600 ",North America,5,494,0,,,"3,366",2022-05-05
205,Turks and Caicos,"5,995",,36 ,,"5,918",,41,4,"151,091",907,"497,269","12,532,613","39,678 ",North America,7,"1,102",0,,,"1,033",2022-05-05
206,Sao Tome and Principe,"5,964",,73 ,,"5,884",,7,,"26,316",322,"29,036","128,123","226,626 ",Africa,38,"3,104",8,,,31,2022-05-05
207,Saint Kitts and Nevis,"5,570",,43 ,,"5,519",,8,,"103,359",798,"70,707","1,312,062","53,890 ",North America,10,"1,253",1,,,148,2022-05-05
208,Cook Islands,"5,229",,1 ,,"4,990",,238,,"297,204",57,"16,982","965,215","17,594 ",Australia/Oceania,3,"17,594",1,,,"13,527",2022-05-05
209,Palau,"4,690",,6 ,,"4,043",,641,1,"256,958",329,"46,722","2,559,829","18,252 ",Australia/Oceania,4,"3,042",0,,,"35,119",2022-05-05
210,St. Barth,"4,544",,6 ,,N/A,N/A,N/A,,"457,511",604,"78,646","7,918,445","9,932 ",North America,2,"1,655",0,,,"410,391",2022-05-05
211,Kiribati,"3,089",,13 ,,"2,601",,475,3,"25,152",106,,,"122,812 ",Australia/Oceania,40,"9,447",,,,"3,868",2022-05-05
212,Anguilla,"2,788",,9 ,,"2,766",,13,4,"182,832",590,"51,382","3,369,532","15,249 ",North America,5,"1,694",0,,,853,2022-05-05
213,Saint Pierre Miquelon,"2,701",,1 ,,"2,449",,251,1,"470,394",174,"23,446","4,083,246","5,742 ",North America,2,"5,742",0,,,"43,713",2022-05-05
214,Diamond Princess,712,,13 ,,699,,0,,,,,, ,,,,,,,,2022-05-05
215,Wallis and Futuna,454,,7 ,,438,,9,,"41,736",644,"20,508","1,885,273","10,878 ",Australia/Oceania,24,"1,554",1,,,827,2022-05-05
216,Montserrat,371,,2 ,,198,,171,,"74,230",400,"10,135","2,027,811","4,998 ",North America,13,"2,499",0,,,"34,214",2022-05-05
217,Falkland Islands,195,, ,,N/A,N/A,N/A,,"53,191",,"8,632","2,354,610","3,666 ",South America,19,,0,,,"19,367",2022-05-05
218,Macao,82,, ,,82,,0,,123,,"5,375","8,076","665,578 ",Asia,"8,117",,124,,,,2022-05-05
219,Vatican City,29,, ,,29,,0,,"36,025",,,,805 ,Europe,28,,,,,,2022-05-05
220,Marshall Islands,17,, ,,14,,3,,284,,,,"59,923 ",Australia/Oceania,"3,525",,,,,50,2022-05-05
221,Western Sahara,10,,1 ,,9,,0,,16,2,,,"624,278 ",Africa,"62,428","624,278",,,,,2022-05-05
222,MS Zaandam,9,,2 ,,7,,0,,,,,, ,,,,,,,,2022-05-05
223,Niue,9,, ,,8,,1,,"5,468",,,,"1,646 ",Australia/Oceania,183,,,,,608,2022-05-05
224,Micronesia,7,, ,,1,,6,,60,,,,"117,236 ",Australia/Oceania,"16,748",,,,,51,2022-05-05
225,Nauru,5,, ,,3,,2,,457,,,,"10,949 ",Australia/Oceania,"2,190",,,,,183,2022-05-05
226,Saint Helena,2,, ,,2,,0,,327,,,,"6,110 ",Africa,"3,055",,,,,,2022-05-05
227,China,"218,571",+373,"5,141 ",+13,"200,675","+2,125","12,755",650,152,4,"160,000,000","111,163","1,439,323,776 ",Asia,"6,585","279,970",9,0.3,0.01,9,2022-05-05
